-- phpMyAdmin SQL Dump
-- version 5.0.1
-- https://www.phpmyadmin.net/
--
-- Servidor: 127.0.0.1
-- Tiempo de generación: 09-06-2023 a las 02:10:56
-- Versión del servidor: 10.4.11-MariaDB
-- Versión de PHP: 7.4.1

SET SQL_MODE = "NO_AUTO_VALUE_ON_ZERO";
SET AUTOCOMMIT = 0;
START TRANSACTION;
SET time_zone = "+00:00";


/*!40101 SET @OLD_CHARACTER_SET_CLIENT=@@CHARACTER_SET_CLIENT */;
/*!40101 SET @OLD_CHARACTER_SET_RESULTS=@@CHARACTER_SET_RESULTS */;
/*!40101 SET @OLD_COLLATION_CONNECTION=@@COLLATION_CONNECTION */;
/*!40101 SET NAMES utf8mb4 */;

--
-- Base de datos: `mundifood`
--

-- --------------------------------------------------------

--
-- Estructura de tabla para la tabla `dishes`
--

CREATE TABLE `dishes` (
  `id` bigint(20) UNSIGNED NOT NULL,
  `name` varchar(50) COLLATE utf8mb4_unicode_ci NOT NULL,
  `image` varchar(255) COLLATE utf8mb4_unicode_ci NOT NULL,
  `price` decimal(5,2) NOT NULL,
  `description` text COLLATE utf8mb4_unicode_ci NOT NULL,
  `category` varchar(20) COLLATE utf8mb4_unicode_ci NOT NULL,
  `disponibility` tinyint(1) NOT NULL,
  `created_at` timestamp NULL DEFAULT NULL,
  `updated_at` timestamp NULL DEFAULT NULL
) ENGINE=InnoDB DEFAULT CHARSET=utf8mb4 COLLATE=utf8mb4_unicode_ci;

--
-- Volcado de datos para la tabla `dishes`
--

INSERT INTO `dishes` (`id`, `name`, `image`, `price`, `description`, `category`, `disponibility`, `created_at`, `updated_at`) VALUES
(1, 'Patatas fritas', 'patatas_fritas.jpg', '1.00', 'Crujientes, especiadas y al punto de sal', 'Entrantes', 1, '2023-05-07 04:43:24', '2023-05-07 07:25:56'),
(2, 'Tortilla de patatas española', 'tortilla-de-patata.jpeg', '3.00', 'Los mejores platos de España', 'Entrantes', 1, '2023-05-07 04:45:21', '2023-05-07 04:45:21'),
(3, 'Agua Natural', 'agua1l.jpg', '1.85', 'Agua natural , marca FontVella de 1 litro, reciclable', 'Bebidas', 1, '2023-05-07 04:46:28', '2023-06-08 14:06:21'),
(4, 'CocaCola', 'cocacola33.jpg', '1.50', 'Lata de 33 cl, fría o natural.', 'Bebidas', 1, '2023-05-07 04:47:02', '2023-05-07 07:20:03'),
(5, 'Fanta de naranja', 'fanta33.jpg', '1.20', 'Lata de 33 cl, fría o natural', 'Bebidas', 0, '2023-05-07 04:47:29', '2023-06-08 14:25:13'),
(6, 'Solomillo de cerdo a la mostaza y miel', 'Solomillo-de-cerdo-a-la-mostaza-y-miel.jpg', '9.90', 'Solomillo tierno, al punto o poco hecho acompañado con patatas fritas y salsa de mostaza y miel.', 'Carnes', 0, '2023-05-07 04:52:29', '2023-06-08 14:25:51'),
(7, 'Gazpacho andaluz', 'gazpacho-andaluz.png', '3.35', 'Todo el sabor de Andalucía, fresquito y nutritivo con hortalizas de origen España.', 'Sopas', 0, '2023-05-07 04:53:52', '2023-06-08 14:20:26'),
(8, 'Salmorejo cordobés', 'salmorejo-cordobes.jpg', '3.00', 'Acompañado de jamón y huevo, plato típìco de Córdoba.', 'Sopas', 0, '2023-05-07 04:54:42', '2023-05-07 04:55:31'),
(9, 'Takoyaki', 'takoyaki.jpg', '6.00', 'Bolitas de pulpo rebozadas de origen nipón', 'Entrantes', 0, '2023-05-07 05:12:08', '2023-05-07 06:29:03'),
(10, 'Rollitos de sushi', 'sushi.jpg', '5.50', 'Plato japonés con arroz de sushi, algas, y pescado crudo.', 'Pescados', 0, '2023-05-09 00:37:34', '2023-05-09 00:37:54'),
(11, 'Tarta de queso', 'tarta_de_queso_con_frutos_rojos.jpg', '4.50', 'Acompañada con deliciosos frutos rojos.', 'Postres', 0, '2023-05-09 00:51:30', '2023-05-09 00:51:30'),
(12, 'Hamburguesa completa', 'hamburguesa.jpg', '4.90', 'Carne de ternera, lechuga, tomate, queso fundido y mucho sabor.', 'Carnes', 1, '2023-06-08 13:20:11', '2023-06-08 13:20:11'),
(14, 'Salsa ali-oli', 'alioli.jpg', '1.00', 'Salsa fresca de ajo y huevo en aceite de oliva virgen extra', 'Otros', 1, '2023-06-08 14:31:27', '2023-06-08 14:31:27'),
(15, 'Salsa mostaza', 'mostaza.png', '1.50', 'Casera con un toque picante', 'Otros', 0, '2023-06-08 14:32:48', '2023-06-08 14:32:48'),
(16, 'Vino Tinto', 'vino.png', '3.80', 'Ligero y con buen golpe', 'Vinos', 0, '2023-06-08 14:37:02', '2023-06-08 14:37:02'),
(17, 'Tinto de verano', 'tinto_verano.png', '2.50', 'Un clásico, fresquito y popular', 'Vinos', 1, '2023-06-08 14:38:19', '2023-06-08 14:38:19');

-- --------------------------------------------------------

--
-- Estructura de tabla para la tabla `migrations`
--

CREATE TABLE `migrations` (
  `id` int(10) UNSIGNED NOT NULL,
  `migration` varchar(255) COLLATE utf8mb4_unicode_ci NOT NULL,
  `batch` int(11) NOT NULL
) ENGINE=InnoDB DEFAULT CHARSET=utf8mb4 COLLATE=utf8mb4_unicode_ci;

--
-- Volcado de datos para la tabla `migrations`
--

INSERT INTO `migrations` (`id`, `migration`, `batch`) VALUES
(1, '2016_06_01_000001_create_oauth_auth_codes_table', 1),
(2, '2016_06_01_000002_create_oauth_access_tokens_table', 1),
(3, '2016_06_01_000003_create_oauth_refresh_tokens_table', 1),
(4, '2016_06_01_000004_create_oauth_clients_table', 1),
(5, '2016_06_01_000005_create_oauth_personal_access_clients_table', 1),
(6, '2023_05_22_211600_create_users_table', 1),
(7, '2023_05_22_211932_create_dishes_table', 1),
(8, '2023_05_22_212010_create_tables_table', 1),
(9, '2023_05_22_212037_create_reserves_table', 1),
(10, '2023_05_22_212304_create_password_resets_table', 1);

-- --------------------------------------------------------

--
-- Estructura de tabla para la tabla `oauth_access_tokens`
--

CREATE TABLE `oauth_access_tokens` (
  `id` varchar(100) COLLATE utf8mb4_unicode_ci NOT NULL,
  `user_id` int(11) DEFAULT NULL,
  `client_id` int(11) NOT NULL,
  `name` varchar(255) COLLATE utf8mb4_unicode_ci DEFAULT NULL,
  `scopes` text COLLATE utf8mb4_unicode_ci DEFAULT NULL,
  `revoked` tinyint(1) NOT NULL,
  `created_at` timestamp NULL DEFAULT NULL,
  `updated_at` timestamp NULL DEFAULT NULL,
  `expires_at` datetime DEFAULT NULL
) ENGINE=InnoDB DEFAULT CHARSET=utf8mb4 COLLATE=utf8mb4_unicode_ci;

--
-- Volcado de datos para la tabla `oauth_access_tokens`
--

INSERT INTO `oauth_access_tokens` (`id`, `user_id`, `client_id`, `name`, `scopes`, `revoked`, `created_at`, `updated_at`, `expires_at`) VALUES
('01020239a34f41f6e47f9ad7f5ecaead239946882b32c777381f7901123786f46b010adde874796f', 26, 3, 'Mundifood', '[]', 0, '2023-06-06 10:26:08', '2023-06-06 10:26:08', '2024-06-06 12:26:08'),
('011238012e805ae4658679b34fedf7cefb5a429129064a25bce213b2249ead4a7d78af97f648fa8c', 1, 3, 'MyApp', '[]', 0, '2023-06-02 14:27:51', '2023-06-02 14:27:51', '2024-06-02 16:27:51'),
('0244f67c79c9d5bb1f05d732869197262ce177b90fe3833c745a85b73199f5958d6ad006008719ff', 18, 3, 'MyApp', '[]', 0, '2023-06-02 14:42:12', '2023-06-02 14:42:12', '2024-06-02 16:42:12'),
('03d62db2134ffa78b90d072fc6bdf165c5a98fa8567d98363a897aa0203efca0f354c36af1e8522d', 26, 3, 'Mundifood', '[]', 0, '2023-06-06 08:15:25', '2023-06-06 08:15:25', '2024-06-06 10:15:25'),
('04290fb0586cf7eb4e7eee9dde97290394e7892376c7e8b4d1b4a080eacf2362b95942cce6d7dc90', 1, 3, 'Mundifood', '[]', 0, '2023-06-01 16:36:52', '2023-06-01 16:36:52', '2024-06-01 18:36:52'),
('053a6012513bb9e8b10b737360eda560352627fc07d0b4517849302e497134467ae6cf7bd0363d77', 18, 3, 'MyApp', '[]', 0, '2023-06-02 15:29:21', '2023-06-02 15:29:21', '2024-06-02 17:29:21'),
('058509eee0c8a3cc85db1eafe4d8e3a093d60bd16e79bf66c60ad2bc3d90f64c64d67de4c5a32d26', 1, 3, 'ale', '[]', 0, '2023-06-03 09:55:51', '2023-06-03 09:55:51', '2024-06-03 11:55:51'),
('0871fc5ab3b3199cec0901ffe63e0b3a3cd22398479a5514a65bbcb9c507fa4f0f903a88dcb3ae5c', 26, 3, 'Mundifood', '[]', 0, '2023-06-06 10:25:44', '2023-06-06 10:25:44', '2024-06-06 12:25:44'),
('087360e864ac31b210aa3ecc364b3464c62f154653460462160108a3734bf0c7feb8016954b22144', 30, 3, 'Mundifood', '[]', 0, '2023-06-06 08:35:03', '2023-06-06 08:35:03', '2024-06-06 10:35:03'),
('0a6b9b13583f70425d2f2ab2054a5f78462431a5d9293bd2baa8988af7ef82872809fdb56176ec78', 31, 3, 'Mundifood', '[]', 0, '2023-06-06 08:36:19', '2023-06-06 08:36:19', '2024-06-06 10:36:19'),
('0b948eceb27cf5a2e58759e62995d9345b4ae70d5eed6f06715182223bed1545745ae6a2d80d146b', 18, 3, 'ale', '[]', 0, '2023-06-03 12:49:15', '2023-06-03 12:49:15', '2024-06-03 14:49:15'),
('0da7a3bbb4cdd5d8db5e02d86eed2f7eb73ece76b73610e94fb8d85e6f3e8a04143c332e4f770ef3', 18, 3, 'Mundifood', '[]', 0, '2023-05-31 17:17:30', '2023-05-31 17:17:30', '2024-05-31 19:17:30'),
('0ead336e581b9e040eef33c1e25fa065189fbd365468b76ef7af614c47cff835f399b6d674d521ba', 18, 3, 'MyApp', '[]', 0, '2023-06-03 07:21:16', '2023-06-03 07:21:16', '2024-06-03 09:21:16'),
('0f9ceb0ea20d41945aa630b81a0dde3c9414aee8def42227043d8d058715780019aa17fe69173497', 26, 3, 'Mundifood', '[]', 0, '2023-06-06 10:24:45', '2023-06-06 10:24:45', '2024-06-06 12:24:45'),
('1101b10c3e5a19be04a5932e253118df0437bc0b8ed25b4d1abb35774e32a87ec882f80322d261f3', 18, 3, 'MyApp', '[]', 0, '2023-06-02 18:56:14', '2023-06-02 18:56:14', '2024-06-02 20:56:14'),
('117cdc7be83ae1c3e0b401a5a5d13b19e8d87d135a489083367512a2b2ebc0b87324a6113f52d427', 18, 3, 'Mundifood', '[]', 0, '2023-06-01 15:19:45', '2023-06-01 15:19:45', '2024-06-01 17:19:45'),
('118700c80e7f3e8948df203446c87507d4b6a7d58ed78b3f288c59f8965a91f2d6fe4ffdfb0551c2', 1, 3, 'ale', '[]', 0, '2023-06-02 14:00:53', '2023-06-02 14:00:53', '2024-06-02 16:00:53'),
('11fe4d7f2466d0e9c3e31b26704aec36a6a0519ca6d472d527892025c59ac729ad2edb82cce8e0b3', 18, 3, 'Mundifood', '[]', 0, '2023-05-30 19:16:26', '2023-05-30 19:16:26', '2024-05-30 21:16:26'),
('1205bd116b28b49ae72110876833ec05edae42c0eacf8b4dde48dfba39959650c6551bcca60fd01c', 25, 3, 'Mundifood', '[]', 0, '2023-06-03 06:52:44', '2023-06-03 06:52:44', '2024-06-03 08:52:44'),
('1235f3a20f0da1e7ddd45bac94bf99a2f4948e60914e921b9d71cc51fa84736c77e03e680730215e', 18, 3, 'Mundifood', '[]', 0, '2023-05-30 19:19:34', '2023-05-30 19:19:34', '2024-05-30 21:19:34'),
('1539af46d4c8edb9e0fcb705f9f5f2ffaf63f0e2248936cc6ecf8cec393ff7547abc4c8a164eba5b', 26, 3, 'Mundifood', '[]', 0, '2023-06-04 16:25:57', '2023-06-04 16:25:57', '2024-06-04 18:25:57'),
('17ec952d8f4c9e9a1088b4ab07a2045a46976fdce71fde17b66d849f24714562a3f78cd0c70d34d8', 36, 3, 'Mundifood', '[]', 0, '2023-06-08 20:03:38', '2023-06-08 20:03:38', '2024-06-08 22:03:38'),
('1875545bbb37d7aeda015bb3c1548ce5d4183419c544f8b9de9b34a8a41eab37f0a63733acc21f78', 26, 3, 'Mundifood', '[]', 0, '2023-06-05 04:28:12', '2023-06-05 04:28:12', '2024-06-05 06:28:12'),
('18e113ef94373785c724f2e4d7f09e54e884eaf1c7347e695a071f1c45fe937d8b2500857d682eaf', 18, 3, 'MyApp', '[]', 0, '2023-06-02 16:23:32', '2023-06-02 16:23:32', '2024-06-02 18:23:32'),
('1975577404fadb4a6457a9ba3cf90c7cecd1e3c4029dafca5eef570fb29139fee9e36e54fe29a70c', 26, 3, 'Mundifood', '[]', 0, '2023-06-04 20:39:22', '2023-06-04 20:39:22', '2024-06-04 22:39:22'),
('19761c95fe710a23fc61493d1549f9fcff83f7657f45d12f2670c2bdece490432b74def010236c30', 18, 3, 'Mundifood', '[]', 0, '2023-06-04 07:42:35', '2023-06-04 07:42:35', '2024-06-04 09:42:35'),
('1aa32bfc86f5182b9f8c2aab569417348f396fbdcd4cb8aff1c6a5a34a0599fb1d9b446b3b57170d', 1, 3, 'Mundifood', '[]', 0, '2023-05-30 04:44:23', '2023-05-30 04:44:23', '2024-05-30 06:44:23'),
('1ab4f4280f93d451f2f3c3805d61d9d4c6bbb5192be3055bc604e18f588d0abd2a785dd0ec1ae460', 26, 3, 'Mundifood', '[]', 0, '2023-06-04 16:58:31', '2023-06-04 16:58:31', '2024-06-04 18:58:31'),
('1c1b5bf21f9ef8a1550dce4aa5eec012a09cd76a510b98156d2226b85832740ad0ccedee3ea8bce9', 26, 3, 'Mundifood', '[]', 0, '2023-06-04 16:51:12', '2023-06-04 16:51:12', '2024-06-04 18:51:12'),
('1c1e2aa59f3f9a3e083328118e3618afa22d6bd5efb9b34a3d6ad3645eb6a59a57b26b1f24fe6ee4', 18, 3, 'MyApp', '[]', 0, '2023-06-02 16:15:54', '2023-06-02 16:15:54', '2024-06-02 18:15:54'),
('1d21f119a6cd34bea90ad88adb1b8698bfbbd1bab3ef796f0924fb00ec8e315f43064d39f5f4070c', 18, 3, 'Mundifood', '[]', 0, '2023-06-03 16:31:55', '2023-06-03 16:31:55', '2024-06-03 18:31:55'),
('1ec43be16f9fbc6456ddb0580de6cb8924337dcd54051e572dc5b1497624cba42b30107d9fed6824', 18, 3, 'Mundifood', '[]', 0, '2023-05-30 18:58:45', '2023-05-30 18:58:45', '2024-05-30 20:58:45'),
('1fca6b1d7271686e1ce10572b2c4e048f356dd9a08b80bcdbfe47f4d24aed65954d09c2227fceb5c', 18, 3, 'Mundifood', '[]', 0, '2023-05-30 19:27:27', '2023-05-30 19:27:27', '2024-05-30 21:27:27'),
('222f3ef04a15d22ec884624f8eb79b86f4485e2f9856e9935f4036b682682faa7ae1ef577fe2d27b', 26, 3, 'Mundifood', '[]', 0, '2023-06-04 16:06:12', '2023-06-04 16:06:12', '2024-06-04 18:06:12'),
('23a38482e359074bb913f4b32f66fc063b70711469bcaf854de6ad6368266be7594cc7ebf3b24941', 18, 3, 'Mundifood', '[]', 0, '2023-05-30 19:19:46', '2023-05-30 19:19:46', '2024-05-30 21:19:46'),
('242be70b2d7f1a04f6c8bcff9f08635e202d1ca573733de876170428a2c77995dc1faeec280b5081', 18, 3, 'Mundifood', '[]', 0, '2023-05-30 19:28:58', '2023-05-30 19:28:58', '2024-05-30 21:28:58'),
('2557cd5bc538e1329904aad0caed8eb838d527cd07aa8dc9147bf6b5099eae95be9947048d0ca543', 26, 3, 'Mundifood', '[]', 0, '2023-06-04 20:33:04', '2023-06-04 20:33:04', '2024-06-04 22:33:04'),
('25da47c93c851c70a68218248ddabb3bae4173f90fc6f1ae6cd03b2936c3a79200436ac35f921b79', 26, 3, 'Mundifood', '[]', 0, '2023-06-04 15:48:52', '2023-06-04 15:48:52', '2024-06-04 17:48:52'),
('261f50ffacd156d3a2d859a3a8978e728dd3522d74051dd93dd9b6972f5899d863da626b074d3af8', 1, 3, 'Mundifood', '[]', 0, '2023-06-05 17:15:12', '2023-06-05 17:15:12', '2024-06-05 19:15:12'),
('26919b30816c09dd08922a2371bd57d355c29bdd850511384267bc765fc155f3bb299432ef15d0f4', 24, 3, 'Mundifood', '[]', 0, '2023-05-30 18:55:39', '2023-05-30 18:55:39', '2024-05-30 20:55:39'),
('280ccf0a8c001ac6f46375e1399477029fc6ebf1a2712cd50200acada36d4a638e2b51a327c1a8cb', 18, 3, 'Mundifood', '[]', 0, '2023-06-08 20:38:27', '2023-06-08 20:38:27', '2024-06-08 22:38:27'),
('2815835a7d926a09862ad5dcc0625ee0b9f70c5a9698fcb23700e956926b622ac9c7e8c656bb3a36', 26, 3, 'Mundifood', '[]', 0, '2023-06-06 06:45:16', '2023-06-06 06:45:16', '2024-06-06 08:45:16'),
('28a461726558480c003738dda341b6a99bfec56696e53eae526abe67d020ce2c62dcd25cfb31ae6e', 18, 3, 'MyApp', '[]', 0, '2023-06-02 16:45:27', '2023-06-02 16:45:27', '2024-06-02 18:45:27'),
('29eb8430d4dab42081dbbdc95a46f1a5e5d9256abebc12a041b9a9dad9661cd9eee1373e6f119516', 24, 3, 'MyApp', '[]', 0, '2023-06-03 06:31:46', '2023-06-03 06:31:46', '2024-06-03 08:31:46'),
('2a959e6be744550f859a54ea25a22172dfd88d1ac67c7ab40f1b9de3bc4dd66b1a5b4206d36a2202', 1, 3, 'MyApp', '[]', 0, '2023-06-03 07:37:24', '2023-06-03 07:37:24', '2024-06-03 09:37:24'),
('2aea0f47a5e1f11a9590c038eb3df09f8333c85af5862c05e1e685b2e7404db430c05bddaad0a9b9', 18, 3, 'Mundifood', '[]', 0, '2023-05-31 18:27:00', '2023-05-31 18:27:00', '2024-05-31 20:27:00'),
('2c55c7dd11d6629807f4d9e764c99812950740b1c501f69d25ac3f9a60687796b86f94c523e79e9a', 1, 3, 'ale', '[]', 0, '2023-06-03 09:49:33', '2023-06-03 09:49:33', '2024-06-03 11:49:33'),
('2c8bd7b432ceb23951064f51a844a5d3aec3340df71b806eece141a2aaa28d3cfd27868fba654f5b', 18, 3, 'Mundifood', '[]', 0, '2023-06-03 13:59:12', '2023-06-03 13:59:12', '2024-06-03 15:59:12'),
('2fba623b366dc354adc4ddbdebf3eaba3b4692758185cb360d36b3959877090f1e80f0eba9d4cc73', 26, 3, 'Mundifood', '[]', 0, '2023-06-06 08:12:18', '2023-06-06 08:12:18', '2024-06-06 10:12:18'),
('30587565cb2e5d49244c5d42d356014a57c43c1b2bd29de11e784ce543ecc582546e1582c468521c', 18, 3, 'Mundifood', '[]', 0, '2023-05-31 18:25:39', '2023-05-31 18:25:39', '2024-05-31 20:25:39'),
('31ff892e6b2fb4a2c580c38e4f93860577461cbb6d98a257e39e3be9ef12a6d0e183025b63f3c167', 18, 3, 'ale', '[]', 0, '2023-06-03 08:46:19', '2023-06-03 08:46:19', '2024-06-03 10:46:19'),
('32a24460dc5c0c508d1f26bf0e21f5f5a40af329ebe181ba7ce0a06dc6cd16e5cfa45127fce56f35', 26, 3, 'Mundifood', '[]', 0, '2023-06-04 15:42:43', '2023-06-04 15:42:43', '2024-06-04 17:42:43'),
('33389efe3014d9210f19050174b5e2a32f552f2ef7f92ec544cb38388d77a2c8c28129393ee2119d', 18, 3, 'MyApp', '[]', 0, '2023-06-02 16:28:57', '2023-06-02 16:28:57', '2024-06-02 18:28:57'),
('337eaeef97d14549e3fc5b15d27c495455f8d25f2e8f04ab49524524a8259a949df37f02f6bdd853', 18, 3, 'Mundifood', '[]', 0, '2023-05-31 19:00:56', '2023-05-31 19:00:56', '2024-05-31 21:00:56'),
('34a9614e05e7917a99902c124d5bec4865aa4e424b032929c79e29c814bd40e52eab35dfef40ccfd', 18, 3, 'ale', '[]', 0, '2023-06-02 13:25:01', '2023-06-02 13:25:01', '2024-06-02 15:25:01'),
('34f2f2eed175fd121c2aeadc2e33f6f62752fa28a98c9b979b08e6980b8c0399dbff2779f20a6c95', 1, 3, 'ale', '[]', 0, '2023-06-02 13:36:23', '2023-06-02 13:36:23', '2024-06-02 15:36:23'),
('37c3787f95574a07488ad81131b4a0df18b6b578da5072a661791d5d4f16d219c049170adbdd7bb5', 26, 3, 'Mundifood', '[]', 0, '2023-06-03 12:53:32', '2023-06-03 12:53:32', '2024-06-03 14:53:32'),
('38f5fc9447af42eca9b4888b1082c307c4bbe7e571dcf6e3f98aaa710fb3c7afdc85fa97a21aae3f', 32, 3, 'Mundifood', '[]', 0, '2023-06-06 08:40:51', '2023-06-06 08:40:51', '2024-06-06 10:40:51'),
('397fa2112cba85be3e0e85eea368ec0519ecc2c9beff52c89234a47d271bd065ccc2786c4addb0df', 18, 3, 'Mundifood', '[]', 0, '2023-05-30 19:40:34', '2023-05-30 19:40:34', '2024-05-30 21:40:34'),
('3ad30b66758b377d116115410f204dd5dac15d21c852489091acd06281ca00937eac2ad8c2c9160e', 18, 3, 'MyApp', '[]', 0, '2023-06-02 15:06:45', '2023-06-02 15:06:45', '2024-06-02 17:06:45'),
('3ebd6bd78dfde80037fbf40bdaed0ce427386a64fe839509cbea9994e4f8d8acdef97dde0b1d1815', 18, 3, 'ale', '[]', 0, '2023-06-02 13:10:53', '2023-06-02 13:10:53', '2024-06-02 15:10:53'),
('40ef5a46dc7f377096c683037f929b61f6ba163d68fdfcb3f1848d83bd956b39ed7bb2b7969e6655', 26, 3, 'Mundifood', '[]', 0, '2023-06-04 20:53:06', '2023-06-04 20:53:06', '2024-06-04 22:53:06'),
('411987d868c2edd20fd1e6fa8736e93269e4b24c53a9db81fb4f75c2235fcae23d1a4c26a112f8f8', 29, 3, 'Mundifood', '[]', 0, '2023-06-05 16:50:59', '2023-06-05 16:50:59', '2024-06-05 18:50:59'),
('428ed581820dbdd027c8d43c141a571bea158cc5f7b94c9e04e48bdfe3dd77e3980f8df6669bb619', 26, 3, 'Mundifood', '[]', 0, '2023-06-05 16:57:30', '2023-06-05 16:57:30', '2024-06-05 18:57:30'),
('42d8bc0360d458529d98d128207217bac3e4988fff1ef21c0fdce2bc1e59bc1c1d1682022365b03c', 26, 3, 'Mundifood', '[]', 0, '2023-06-06 10:23:47', '2023-06-06 10:23:47', '2024-06-06 12:23:47'),
('43ea3bb6d3029b4e7f7bb7f87d021037578225398beb2d351380bfed027c8edb06c4f57678108c4e', 18, 3, 'MyApp', '[]', 0, '2023-06-02 15:25:25', '2023-06-02 15:25:25', '2024-06-02 17:25:25'),
('4484cb68e33926a19753e723552a7f72e51733f917c10bbdd83070fca7722a630205de501fb8d230', 1, 3, 'Mundifood', '[]', 0, '2023-06-01 16:04:24', '2023-06-01 16:04:24', '2024-06-01 18:04:24'),
('4539ff013eb7fdf84b2c5e148a9feb9cb537821519dd12f34950ebec7a58ee1c42a5e9175214f25a', 26, 3, 'Mundifood', '[]', 0, '2023-06-04 09:34:19', '2023-06-04 09:34:19', '2024-06-04 11:34:19'),
('474967b793739766fbebfca7087070fd962b9b70124744340197fdc8aa8fdaf2f9239a747ccca5c4', 18, 3, 'Mundifood', '[]', 0, '2023-05-30 19:19:50', '2023-05-30 19:19:50', '2024-05-30 21:19:50'),
('4852d54df7bad04d11817531ac2bde763a2da534359dd3fe0b28af6316f7a8625672ecd37afac065', 1, 3, 'ale', '[]', 0, '2023-06-02 12:56:34', '2023-06-02 12:56:34', '2024-06-02 14:56:34'),
('4869e2aca6ea4089d5788539a874e971a239f07f40d44618a4cbd3fb58232cdb44e3aada8eaf6804', 1, 3, 'Mundifood', '[]', 0, '2023-05-30 04:48:13', '2023-05-30 04:48:13', '2024-05-30 06:48:13'),
('48c0d9816602a2744516323ad1449ab086adb7e7e472be4a47bcdde676e2ef3355df84720b592d97', 24, 3, 'Mundifood', '[]', 0, '2023-05-30 04:43:28', '2023-05-30 04:43:28', '2024-05-30 06:43:28'),
('49dbb68edb72a0d7c179f4e75933a527fbec7139d58a9cf13936bf1a7fa047a7aefbedde69f3bb5f', 26, 3, 'Mundifood', '[]', 0, '2023-06-06 08:05:59', '2023-06-06 08:05:59', '2024-06-06 10:05:59'),
('4acfd1574d757b607592a0474b9071e4da9808c9b89e5b42ee1260b8f7d010b6df6bdd6d4fb21bf6', 26, 3, 'Mundifood', '[]', 0, '2023-06-04 09:19:04', '2023-06-04 09:19:04', '2024-06-04 11:19:04'),
('4ae8620bd823888fd6e733bd0bdcc5893940567e53335039a393271c79dbefdb009d0da030930727', 26, 3, 'Mundifood', '[]', 0, '2023-06-04 18:29:34', '2023-06-04 18:29:34', '2024-06-04 20:29:34'),
('4b167355e7365755cf0b1795dcc8dbdfe6d4805a46ab5f3ef73fea5102141a4a61831b23bf86a688', 18, 3, 'Mundifood', '[]', 0, '2023-05-30 19:32:31', '2023-05-30 19:32:31', '2024-05-30 21:32:31'),
('4b5558e734693f15e704a145c5dbf09f9dfdeac1fde12dd007995572c0c5daf60cbb8616b1379caf', 26, 3, 'Mundifood', '[]', 0, '2023-06-04 20:50:50', '2023-06-04 20:50:50', '2024-06-04 22:50:50'),
('4d3edd6cf196f6adb7a57c25ae28a9f6278b119c90119f0442a10c171fb07b5c5129cc581c090ada', 27, 3, 'Mundifood', '[]', 0, '2023-06-05 08:39:34', '2023-06-05 08:39:34', '2024-06-05 10:39:34'),
('4dbc62e36bc12119cb5a759464a3945f5164b40dba184d521d65a6c4659b4f5f3d020513365e2541', 18, 3, 'Mundifood', '[]', 0, '2023-05-31 19:01:52', '2023-05-31 19:01:52', '2024-05-31 21:01:52'),
('4e5684f4714f66e33a928fc68c0ca5fffef9d5e4a5f9395a01dcc8c2a4c1b2018345cb3f4e54bc3d', 26, 3, 'Mundifood', '[]', 0, '2023-06-04 09:49:56', '2023-06-04 09:49:56', '2024-06-04 11:49:56'),
('4ed2ae4ade8195a49a1da3041f898d51d25b39ced679dd6462bd62ebce46ad61628e3361ce9db199', 18, 3, 'Mundifood', '[]', 0, '2023-06-01 14:59:42', '2023-06-01 14:59:42', '2024-06-01 16:59:42'),
('50a154f5ea2dd35ead7898d76c2bdcafad27387e5f5c1e17cd487b4c58c191ef29cdd0de900ec30e', 18, 3, 'MyApp', '[]', 0, '2023-06-02 16:18:01', '2023-06-02 16:18:01', '2024-06-02 18:18:01'),
('50d4ce3695768ad584f09a909b37b3619cbd4105897bcf30c739438c6a3cf034eae9233a313a907e', 18, 3, 'Mundifood', '[]', 0, '2023-06-01 15:45:42', '2023-06-01 15:45:42', '2024-06-01 17:45:42'),
('50e660cf838bfa351d092e94f1e3ba4897b30c05b14bc730036c0b25c07272cb72956b29f2d2bdb6', 18, 3, 'MyApp', '[]', 0, '2023-06-02 16:30:53', '2023-06-02 16:30:53', '2024-06-02 18:30:53'),
('52d91538778539c5a9d61563cf1a1a8f54f8ec792fd9765ee30719c1e84f598486df2db581803741', 26, 3, 'Mundifood', '[]', 0, '2023-06-04 16:59:48', '2023-06-04 16:59:48', '2024-06-04 18:59:48'),
('56a005e15ca46643225dca87234b59dbc126cdd76a51bd9da5cc4554fab698e28d5a0494319ad288', 18, 3, 'Mundifood', '[]', 0, '2023-06-01 15:42:07', '2023-06-01 15:42:07', '2024-06-01 17:42:07'),
('56c65d1689ee54a4d1595e9ed8adcda9a51232abb52c62536bc57eb52e13d795aa0c33b46bd8256d', 1, 3, 'ale', '[]', 0, '2023-06-03 09:45:24', '2023-06-03 09:45:24', '2024-06-03 11:45:24'),
('56eb795736f6f649b6942b2da47e523eb356d704edeb5a9485b158c0d0e9cdeb2cffe50a1cc2c710', 1, 3, 'ale', '[]', 0, '2023-06-03 09:43:28', '2023-06-03 09:43:28', '2024-06-03 11:43:28'),
('570c9cdfd71adf2329714771457b9348be55b17bf4bb4031c6fb423c19cd415bc1e4cd26dcc25fc9', 26, 3, 'Mundifood', '[]', 0, '2023-06-04 21:06:02', '2023-06-04 21:06:02', '2024-06-04 23:06:02'),
('57ce790a380fbc7d0d134a7790979150b5fb0d957b37ea3f1ae23e1c0b8ee0f85778f0057a4f0987', 1, 3, 'ale', '[]', 0, '2023-06-03 09:48:03', '2023-06-03 09:48:03', '2024-06-03 11:48:03'),
('5a02a45ca63ef64f84d7c3f12c2bea64701bafde0d9bd3131862a1b78e3edf6f3006a123dd847d52', 26, 3, 'Mundifood', '[]', 0, '2023-06-06 06:36:32', '2023-06-06 06:36:32', '2024-06-06 08:36:32'),
('5a8a3f8baa978dc1b2a57733fe9922f46039037707f6f05d01bdbe41b7365d64ebe979edbf29fe53', 18, 3, 'Mundifood', '[]', 0, '2023-06-03 16:16:32', '2023-06-03 16:16:32', '2024-06-03 18:16:32'),
('5aeb23be7c4a2e53e0c74715927bab7c74d0ee677cc070d5359d16f7181d95b890693c30cf734af6', 1, 3, 'ale', '[]', 0, '2023-06-03 09:42:54', '2023-06-03 09:42:54', '2024-06-03 11:42:54'),
('5b940f81e61c55c298a175dc5f92f80f26f6076840b574b95ac698b96cb421b8ad250ecaaf5d2519', 18, 3, 'Mundifood', '[]', 0, '2023-06-06 04:19:10', '2023-06-06 04:19:10', '2024-06-06 06:19:10'),
('5bbf644f13df65458d94d6fb13a52eea886a7bc831744667f33d537d0549fff88d8f38ab1a7f55b7', 1, 3, 'ale', '[]', 0, '2023-06-03 09:55:19', '2023-06-03 09:55:19', '2024-06-03 11:55:19'),
('5dc31ecf3c98dc90b5eef4615b61ba8d263aa020baa3072d28e7a032d67d17abc6748e35073dd68f', 18, 3, 'Mundifood', '[]', 0, '2023-05-31 19:03:38', '2023-05-31 19:03:38', '2024-05-31 21:03:38'),
('5e3eef85dc441c3bbdc4000161e37b461acbb6b108cc087cf8f4f0c4fb408e2431377a9af1d7e6e5', 18, 3, 'MyApp', '[]', 0, '2023-06-02 15:00:18', '2023-06-02 15:00:18', '2024-06-02 17:00:18'),
('5f0a47781bf44ae5e79c85eb601c320fc8f585ff28fe3f396925cd1d5c201df9eab3f45aac9dca97', 18, 3, 'ale', '[]', 0, '2023-06-02 13:11:00', '2023-06-02 13:11:00', '2024-06-02 15:11:00'),
('5f0c02fc26e5f468b06f1cf388adb7e0938b83b46110a183bb343c69699c2cc1dad8a5af6a8a3ed7', 18, 3, 'Mundifood', '[]', 0, '2023-06-01 15:44:05', '2023-06-01 15:44:05', '2024-06-01 17:44:05'),
('5f185bd5ec862ea204c49cfac8cbc0e9358c064c8b289cb2d180a0f78a2c8653d7a68aa23e6bcfc3', 1, 3, 'ale', '[]', 0, '2023-06-02 13:32:28', '2023-06-02 13:32:28', '2024-06-02 15:32:28'),
('5f3e58efa4185850a3c4e6cd4fa003a9427d9379dd088ce84256ae71dbf846c69b1e9d236d48506c', 29, 3, 'Mundifood', '[]', 0, '2023-06-05 16:52:55', '2023-06-05 16:52:55', '2024-06-05 18:52:55'),
('619722d5d8d10a47482e419eb8c6cea9b75b64cb1c153c69c95a92905ec2e612862c3df03389580e', 18, 3, 'Mundifood', '[]', 0, '2023-06-01 15:34:10', '2023-06-01 15:34:10', '2024-06-01 17:34:10'),
('61d8d852c84f4d088b5f51d8f64eda316a012b1ca8c3888033676edcf7bf994310e21ffda4a3921d', 18, 3, 'Mundifood', '[]', 0, '2023-05-31 17:21:09', '2023-05-31 17:21:09', '2024-05-31 19:21:09'),
('621b93b38f05a696d9852a12c96cdb0140d7a20df49fbc25653153959b968d2a4994e41df40b8d1a', 26, 3, 'Mundifood', '[]', 0, '2023-06-04 16:18:08', '2023-06-04 16:18:08', '2024-06-04 18:18:08'),
('629ddc9a06b01a4e2ca716e96cd94d25f06e18f7f475d1c350119a60de44fcd57accab85799c7cf9', 18, 3, 'ale', '[]', 0, '2023-06-03 08:48:09', '2023-06-03 08:48:09', '2024-06-03 10:48:09'),
('63690b837a155edbf3781a589d260564c8cfb0c8ab241dfad48dc2ce61262bec60a416a9e096db8c', 18, 3, 'MyApp', '[]', 0, '2023-06-03 07:30:19', '2023-06-03 07:30:19', '2024-06-03 09:30:19'),
('640c22c6e2a9180ec0ab5578071ee6b2f50b3858f62a659a8cafb30d25d97c072e739317020d6b4d', 18, 3, 'MyApp', '[]', 0, '2023-06-02 16:49:30', '2023-06-02 16:49:30', '2024-06-02 18:49:30'),
('641962e3d1a14e6463d68b684025b6291c36edc2edf4343c420448e5ee109536d6ba4fb4f34a98cc', 1, 3, 'Mundifood', '[]', 0, '2023-06-04 20:34:12', '2023-06-04 20:34:12', '2024-06-04 22:34:12'),
('64b91da1a0e4f13f660b5afad6fa6cb79a4cf649e3d288bdd6d684371fe89bae69bfc2c2f97e941e', 28, 3, 'Mundifood', '[]', 0, '2023-06-05 12:10:13', '2023-06-05 12:10:13', '2024-06-05 14:10:13'),
('64f9e3abc44dd3fddcd77691a24f381408df8a0bd6448a72dc5d05f303b7c1ae701fe952b343d292', 18, 3, 'ale', '[]', 0, '2023-06-02 12:56:58', '2023-06-02 12:56:58', '2024-06-02 14:56:58'),
('656d7276e491f6fd4304ffaee235102520cfd05b377ad35b2d99c3fdf46b91530bb65930cacba939', 1, 3, 'Mundifood', '[]', 0, '2023-06-08 20:16:57', '2023-06-08 20:16:57', '2024-06-08 22:16:57'),
('65a4068a521bbf1b326f243b44e971283f0cca0b8d7b360694b69463c873c7db024548d69dfac612', 18, 3, 'Mundifood', '[]', 0, '2023-06-01 16:29:19', '2023-06-01 16:29:19', '2024-06-01 18:29:19'),
('66530d5c8a8c7676961dc22df8471ff0327ea22f669da964393b9392659ca9a94284e337f5075930', 18, 3, 'Mundifood', '[]', 0, '2023-06-01 14:03:28', '2023-06-01 14:03:28', '2024-06-01 16:03:28'),
('670eb8e3d420a98affc3bf5638b57330b420f4818edebcfcf9d62addeaadd209c8f207b5448c53f7', 18, 3, 'ale', '[]', 0, '2023-06-02 13:02:49', '2023-06-02 13:02:49', '2024-06-02 15:02:49'),
('67964cb3590d2603ec1f9dbfd40916f03700b75c4fdb6d7c3d6ef9b57e01f368dcfac211400b20e1', 26, 3, 'Mundifood', '[]', 0, '2023-06-04 18:43:57', '2023-06-04 18:43:57', '2024-06-04 20:43:57'),
('67fc9117e251ef95c534dc964dff4e920e14b3e774fa07374ec1afc85452a4b07f3850ae21cbb985', 1, 3, 'ale', '[]', 0, '2023-06-03 09:45:07', '2023-06-03 09:45:07', '2024-06-03 11:45:07'),
('687c6d16275e928c1bcf4122b04678bf7beb2acab6e81d3b6d61a9e7db7b7d9b49f84fa32c7fb864', 1, 3, 'ale', '[]', 0, '2023-06-03 09:54:11', '2023-06-03 09:54:11', '2024-06-03 11:54:11'),
('68cd823565052b19085f15b4ebb6afe5f117078d1edcef3e9cf5222a75b2d579e8c84c9e241470cf', 26, 3, 'Mundifood', '[]', 0, '2023-06-04 19:45:55', '2023-06-04 19:45:55', '2024-06-04 21:45:55'),
('68fac42cba9b00d224043ebdedcf58ae87a0811a1d8efb8d6212335efc620d76cbb2e891523945b7', 18, 3, 'ale', '[]', 0, '2023-06-03 08:49:16', '2023-06-03 08:49:16', '2024-06-03 10:49:16'),
('69e3f93dd7e56164d4c6d1c89f18474703e71db080d56a7ae0d0a44068060bb33e58bdaebc5f4ddd', 24, 3, 'Mundifood', '[]', 0, '2023-05-30 18:47:48', '2023-05-30 18:47:48', '2024-05-30 20:47:48'),
('6c28c73ae4e29433c8274866f25689ec441d62cde19e18c97a1d8fdc10e74c4a028e7e5c9e45eeff', 18, 3, 'Mundifood', '[]', 0, '2023-05-30 19:19:22', '2023-05-30 19:19:22', '2024-05-30 21:19:22'),
('6c31f04596ca9dc3b4a4dc235f83ac089d1fae43ed416bb0ecea744eba91cc978f39538f6fab9c4e', 18, 3, 'ale', '[]', 0, '2023-06-02 13:37:49', '2023-06-02 13:37:49', '2024-06-02 15:37:49'),
('6d20147a97ce27a0ac89151bc2ad48b02b10b1865e20966fe8e0358a133483537318e7f2b9f08cbe', 26, 3, 'Mundifood', '[]', 0, '2023-06-04 18:50:54', '2023-06-04 18:50:54', '2024-06-04 20:50:54'),
('6f2df79076241e12a06f1f436b9da8269df61d564c265ca5393f47f1f0c5ed36a9853ec1db84109d', 18, 3, 'ale', '[]', 0, '2023-06-02 13:18:21', '2023-06-02 13:18:21', '2024-06-02 15:18:21'),
('713d9094bb8869f862a37bccbc4ca3080c6c55ac3ac2ab907b6e587cd1f00b99c0f0cddadaf404cd', 18, 3, 'Mundifood', '[]', 0, '2023-05-31 17:16:49', '2023-05-31 17:16:49', '2024-05-31 19:16:49'),
('716132c72379502dd5d41ac594048075e6926d7fead7fc04d47e175ddd6150d476729a600cb7eb7b', 18, 3, 'MyApp', '[]', 0, '2023-06-02 16:43:38', '2023-06-02 16:43:38', '2024-06-02 18:43:38'),
('723baa1609bea78c3d9add78a05876df71167b8035c7e8cc21a186f949510eb71f43b97f3a07dc51', 18, 3, 'ale', '[]', 0, '2023-06-03 12:49:43', '2023-06-03 12:49:43', '2024-06-03 14:49:43'),
('7304c1a0b561d24806b558a2ff4604c956a7f11c089dd553cb121bd8b4072b9dd5474c4175fb9559', 26, 3, 'Mundifood', '[]', 0, '2023-06-03 12:52:08', '2023-06-03 12:52:08', '2024-06-03 14:52:08'),
('74baad636b735c605e952471c7500185ea8136fdd0dea068820f278c523088a6bf2d7b34baf6be7f', 18, 3, 'MyApp', '[]', 0, '2023-06-02 14:51:15', '2023-06-02 14:51:15', '2024-06-02 16:51:15'),
('74caecf02e3db8b7a12bd783b4bd16f46a6f29ddf6e316888473f580381be42ecd68d3699059df07', 29, 3, 'Mundifood', '[]', 0, '2023-06-05 16:42:32', '2023-06-05 16:42:32', '2024-06-05 18:42:32'),
('75fa934f0282defb31de7f4419008e5fe1e2aecd9203d7bfae0799b7c423d7a6f116d507d4cd678f', 18, 3, 'Mundifood', '[]', 0, '2023-05-31 18:20:15', '2023-05-31 18:20:15', '2024-05-31 20:20:15'),
('7618e922381af2a9ecc52da21bca29db440d3232d1160329bd22b29f0e9c8919557bde2cb0f7b2c9', 26, 3, 'Mundifood', '[]', 0, '2023-06-04 17:01:05', '2023-06-04 17:01:05', '2024-06-04 19:01:05'),
('77a02ba08959e887e8e4f17feb1f2ce24a93d09e5f1462cf5f393d8fae99b3547de9b4e7e036352e', 18, 3, 'ale', '[]', 0, '2023-06-03 08:46:40', '2023-06-03 08:46:40', '2024-06-03 10:46:40'),
('77a2ab2fc409b6c53983d917157b30308336dfc51037e65e3271bd8228644d63bc6af41ffc210741', 18, 3, 'Mundifood', '[]', 0, '2023-05-31 17:21:10', '2023-05-31 17:21:10', '2024-05-31 19:21:10'),
('789a642f2246053a594bf125df7689fdbf83d2055c97de6fb0e3af3c7c0ead71c810268d31124b8d', 29, 3, 'Mundifood', '[]', 0, '2023-06-05 16:44:37', '2023-06-05 16:44:37', '2024-06-05 18:44:37'),
('79583a5cf9ea0320d4c2a347e5ea4d9124d43d49ebb5ac58d02953f6d68de8e934da6626258c4f12', 1, 3, 'ale', '[]', 0, '2023-06-03 12:48:23', '2023-06-03 12:48:23', '2024-06-03 14:48:23'),
('7b4ca8fb4f1f7e13f2bb75b6147e4b3035130dde8721f6d2d8d56bb8ef0f0c2f598b9d30f5e6e7b2', 1, 3, 'Mundifood', '[]', 0, '2023-05-30 04:47:17', '2023-05-30 04:47:17', '2024-05-30 06:47:17'),
('7bc8ca98bf8cc2674c7379db46f3b55ca862ea663a5bd5be61d1f5da9d7c61882c819bab9de3b094', 26, 3, 'Mundifood', '[]', 0, '2023-06-04 19:23:06', '2023-06-04 19:23:06', '2024-06-04 21:23:06'),
('7bdd385f0377bdafe8e9e978f72540902134e90473b9d7f7afcfb227e0bc65ea8a245e3e8026c6a2', 26, 3, 'Mundifood', '[]', 0, '2023-06-06 08:29:26', '2023-06-06 08:29:26', '2024-06-06 10:29:26'),
('7c2f9210c0af83bad46061915a7464416ee62100fb6886e1b3067b73de6ffb47462f79cc6c736814', 1, 3, 'Mundifood', '[]', 0, '2023-06-04 09:17:55', '2023-06-04 09:17:55', '2024-06-04 11:17:55'),
('7c4363a9bea6fa17ee093d61c57a69abd16668f15f344a88c2e61d5df15ff1170d20cc7870bf7cda', 18, 3, 'Mundifood', '[]', 0, '2023-05-31 19:06:21', '2023-05-31 19:06:21', '2024-05-31 21:06:21'),
('7d15e05eed5fcb0b380a3b4de2f2cb68f7ba7a30f7b60ffac5f563b67be397fd17dfc02d7f37f41d', 18, 3, 'ale', '[]', 0, '2023-06-02 12:50:11', '2023-06-02 12:50:11', '2024-06-02 14:50:11'),
('7d41e59d10b4f8938b8f341d6876d4e026c891b50c911e0b71c3214a31953b37a19e08269006bf19', 26, 3, 'Mundifood', '[]', 0, '2023-06-06 10:24:22', '2023-06-06 10:24:22', '2024-06-06 12:24:22'),
('7d71bcd01134e3f7f5223708ec705589c6144e40d66e72f1af38114cbca795513732baa21f4a2c94', 24, 3, 'Mundifood', '[]', 0, '2023-05-30 19:31:15', '2023-05-30 19:31:15', '2024-05-30 21:31:15'),
('7d857f205308aa26d53c34c61edff33a4290bdefadc98582300064e43ba78c9e4ec41a3875c95177', 26, 3, 'Mundifood', '[]', 0, '2023-06-04 16:54:08', '2023-06-04 16:54:08', '2024-06-04 18:54:08'),
('7f88ae724b0709fd92f1a8b794e5c0e8a239d9044325320ff59b50e13f84dfbdcd059a66d74f72b6', 1, 3, 'ale', '[]', 0, '2023-06-03 09:52:18', '2023-06-03 09:52:18', '2024-06-03 11:52:18'),
('7fdab64c5c645929418e86c807d55ec41d92e9489caf8097457e431b4311da55afdd03c86f8ff7b7', 1, 3, 'MyApp', '[]', 0, '2023-06-03 07:47:46', '2023-06-03 07:47:46', '2024-06-03 09:47:46'),
('801dd740790d9ae42ea511e11fdf8ae833a1ed00f58c66908aac8eb9e2773eb17dcd080760802ba3', 18, 3, 'Mundifood', '[]', 0, '2023-05-31 17:22:45', '2023-05-31 17:22:45', '2024-05-31 19:22:45'),
('811ea95300236dee35ae91be63dab2c96f26f55a7903482fcd9cc3c26016f6bf5591782ab49392bb', 18, 3, 'ale', '[]', 0, '2023-06-02 13:11:06', '2023-06-02 13:11:06', '2024-06-02 15:11:06'),
('81545a58ecf9cfe3ec16305de697684b4686a24b7298e0be6b841e6b38cf8fa8acbe172ef74f9eff', 26, 3, 'ale', '[]', 0, '2023-06-03 13:19:15', '2023-06-03 13:19:15', '2024-06-03 15:19:15'),
('83b47019a0b4cd0ea4da9a1aac323d9eca5704462a9baf5577a999f56b92ffe68cc6086ee55f1a07', 18, 3, 'Mundifood', '[]', 0, '2023-06-03 16:21:12', '2023-06-03 16:21:12', '2024-06-03 18:21:12'),
('84eced5af5db512420ff3c6fc32c22fa8ceca22534e9d176d7169f17cb0cb574d83347be5cbb86c7', 18, 3, 'Mundifood', '[]', 0, '2023-05-31 18:04:51', '2023-05-31 18:04:51', '2024-05-31 20:04:51'),
('86cb360d400dd32ae8b1821e9a77baecd68b8ede9ee6e2b9a7696c221ae9d595e93a58de178adbbe', 1, 3, 'ale', '[]', 0, '2023-06-03 09:51:15', '2023-06-03 09:51:15', '2024-06-03 11:51:15'),
('87ea2877e0841524c6962065ebf7e129fbfb3add75d7e1edac37562d70acea549c785142bf11c85d', 18, 3, 'Mundifood', '[]', 0, '2023-05-31 18:04:50', '2023-05-31 18:04:50', '2024-05-31 20:04:50'),
('888f5e4ee1c91320e1a4be5aa612c01be9455e39c0d6892ecbc26e29baf5ec162a6b955f95ba2427', 26, 3, 'Mundifood', '[]', 0, '2023-06-04 16:56:29', '2023-06-04 16:56:29', '2024-06-04 18:56:29'),
('89b9a947d12b9f290bfc5c43ae6c0f61a267143a99326d9abdde689afbd96a0545204ad5494e8f56', 25, 3, 'Mundifood', '[]', 0, '2023-06-03 06:53:29', '2023-06-03 06:53:29', '2024-06-03 08:53:29'),
('8b10970c901e3eb3df73274f7043f1ba0124e631f2f894640026f58d5ab002808f8fb9274a281523', 18, 3, 'Mundifood', '[]', 0, '2023-05-30 19:18:03', '2023-05-30 19:18:03', '2024-05-30 21:18:03'),
('8d4607ba0d8b48f4ac4394dc5aad996b36d187a3cd04ce6158ab14fbd308ce1ccc23b1d424fa1010', 18, 3, 'MyApp', '[]', 0, '2023-06-02 15:12:44', '2023-06-02 15:12:44', '2024-06-02 17:12:44'),
('8d7a093acfbc2965238469dee596cdb26a8b405962a675ee1c00fceddbbd34147ab4e26362d2318f', 18, 3, 'Mundifood', '[]', 0, '2023-05-31 18:28:06', '2023-05-31 18:28:06', '2024-05-31 20:28:06'),
('8eecf848174f35fdbf08c444ee4990d1281c9404d57ac63229710d4c3057fb8fcd2e23ebc51ed0af', 1, 3, 'ale', '[]', 0, '2023-06-03 09:47:22', '2023-06-03 09:47:22', '2024-06-03 11:47:22'),
('8f2e74e4813a20f80be75e91c9d0990944b783f96fd9e6e88e6232e17c56159ed59d36512ab93f0c', 18, 3, 'MyApp', '[]', 0, '2023-06-02 16:22:09', '2023-06-02 16:22:09', '2024-06-02 18:22:09'),
('8feb26f0fc195b81f43f30ebee84765d6e18c58a68e09d05cce4f279f9f10993fd051c8343adeb56', 18, 3, 'ale', '[]', 0, '2023-06-03 08:47:48', '2023-06-03 08:47:48', '2024-06-03 10:47:48'),
('8fee28d86d6af71555eaeedde88ff95e7bd0262c241eb93b86bd731d11d8e5f48d55901bfd846da9', 18, 3, 'Mundifood', '[]', 0, '2023-06-03 13:59:56', '2023-06-03 13:59:56', '2024-06-03 15:59:56'),
('8ff38f0c00c453ba70a82a9f15f5bd62089c7b34e1a5b6d04b83f8c326b0517804f87481509b2450', 26, 3, 'Mundifood', '[]', 0, '2023-06-04 16:43:06', '2023-06-04 16:43:06', '2024-06-04 18:43:06'),
('920e356948c2f23932b77b1ba8f10f23c6dd70b419a574545ca7434840592dd1ddb0f53837a5dca7', 1, 3, 'ale', '[]', 0, '2023-06-03 09:44:14', '2023-06-03 09:44:14', '2024-06-03 11:44:14'),
('92e294a5bc5a5b2e16e97dd93ca3e289e59acae794b4aab2359268e4dcf5465502dd33646d7196cd', 18, 3, 'ale', '[]', 0, '2023-06-03 09:31:03', '2023-06-03 09:31:03', '2024-06-03 11:31:03'),
('93e35c1319de0840441d52611020940f1b6bec4c3256129af0ef7cc8c2bee21200300e893d2206d1', 18, 3, 'Mundifood', '[]', 0, '2023-06-01 14:08:48', '2023-06-01 14:08:48', '2024-06-01 16:08:48'),
('9533e4d7123a6280915bfbde5b8f980fc94e96a4c00d1539f9e3257b42b43f2df3832787429daec9', 26, 3, 'Mundifood', '[]', 0, '2023-06-04 19:21:37', '2023-06-04 19:21:37', '2024-06-04 21:21:37'),
('95efa175866b81f2ca5d32d2510535270b34c643ca23d7465cdf50df9d67617cd73e9a0d4664a669', 1, 3, 'Mundifood', '[]', 0, '2023-06-05 17:09:02', '2023-06-05 17:09:02', '2024-06-05 19:09:02'),
('960d58f9bdfbc66f6e35e70d3296ecf18a08035032c8bff51e30ab630487558f9cd9e33a2510a61b', 26, 3, 'Mundifood', '[]', 0, '2023-06-04 20:38:47', '2023-06-04 20:38:47', '2024-06-04 22:38:47'),
('968660f54aacc28d402eb90fd55161bf8561474f1d96c1e2789269bb7c03e8911ade693eed2518c2', 18, 3, 'MyApp', '[]', 0, '2023-06-02 16:10:13', '2023-06-02 16:10:13', '2024-06-02 18:10:13'),
('96b95af9ebf468210616982ee2819fbc07c347acff24ac0f5123ddf8c65eafe211637f1103868351', 26, 3, 'Mundifood', '[]', 0, '2023-06-06 10:28:19', '2023-06-06 10:28:19', '2024-06-06 12:28:19'),
('98ba202f3e3d8b871f47073027c541b8fec8509bcd67885f7487a3e34c6405fdb76ba21374b27685', 18, 3, 'MyApp', '[]', 0, '2023-06-02 16:46:40', '2023-06-02 16:46:40', '2024-06-02 18:46:40'),
('9b52624ae18f2d472330ae2a59282ab7ca47c59c5f637e290841e641a8a0dfe98dbe6f5a92a5f096', 18, 3, 'Mundifood', '[]', 0, '2023-05-30 19:11:14', '2023-05-30 19:11:14', '2024-05-30 21:11:14'),
('9cb248081024a7d80ee7c55e667f31a89716a3a075415842e60fbfa9fdac6a08e4ad34b273ad6a11', 26, 3, 'Mundifood', '[]', 0, '2023-06-04 16:05:25', '2023-06-04 16:05:25', '2024-06-04 18:05:25'),
('9dcce787afc7656d36fa108224de240f13280dc19c6a4c0c75ebf1a03b612e61f34dad079704e3f4', 26, 3, 'Mundifood', '[]', 0, '2023-06-04 09:44:20', '2023-06-04 09:44:20', '2024-06-04 11:44:20'),
('a2843ec5aab5ccbff2d2d733a7a192b7c47f743c113cdaeb5e21596590518cca5bec54ae9523d179', 26, 3, 'Mundifood', '[]', 0, '2023-06-04 16:20:10', '2023-06-04 16:20:10', '2024-06-04 18:20:10'),
('a2b31196354052fec57941a9fd72b4e74bf14c6f0c519ba45543bf614224d617f90c81c169b79c8e', 18, 3, 'MyApp', '[]', 0, '2023-06-02 14:53:14', '2023-06-02 14:53:14', '2024-06-02 16:53:14'),
('a3ea44aa915d864a7b9dc6ab1d763496aa1c92a0a8e90208aefe6aadaa8033b65215c6eb415447b9', 26, 3, 'Mundifood', '[]', 0, '2023-06-06 10:16:37', '2023-06-06 10:16:37', '2024-06-06 12:16:37'),
('a4ec8a7094b24239eb28a077944f8e66374769bbaec2816fba5ec621b24a59c0b13642686a2561e6', 18, 3, 'Mundifood', '[]', 0, '2023-06-03 16:19:47', '2023-06-03 16:19:47', '2024-06-03 18:19:47'),
('a502f463369f1a46c1e6992b445403764d3d94e6fbce37139da56cc3700a1f82964720fc732149a6', 26, 3, 'Mundifood', '[]', 0, '2023-06-04 18:53:40', '2023-06-04 18:53:40', '2024-06-04 20:53:40'),
('a54199fe1f3251e63f9a3d19e2d56d187ab35ee5ede7a4fd505a6bfdf86af699daa2a659f365ca7c', 26, 3, 'Mundifood', '[]', 0, '2023-06-04 16:41:02', '2023-06-04 16:41:02', '2024-06-04 18:41:02'),
('a608133b65652b0e0641aa933586a890852cb85b4982180587a0bf50435e86b832fad31e9145cc31', 26, 3, 'Mundifood', '[]', 0, '2023-06-04 20:09:15', '2023-06-04 20:09:15', '2024-06-04 22:09:15'),
('a86eb144b5a224154f7cb7bb74ae9eb59a76eefa21afa5f0096ec4fd7bd22d11a0c71df2f8baa50b', 18, 3, 'Mundifood', '[]', 0, '2023-06-08 22:01:04', '2023-06-08 22:01:04', '2024-06-09 00:01:04'),
('a96bfc7ce3945602b162ec73d5824a72f4c3fc0139bd70b5081977adb925934cc32245b180787c04', 36, 3, 'Mundifood', '[]', 0, '2023-06-08 20:12:15', '2023-06-08 20:12:15', '2024-06-08 22:12:15'),
('aae77f5b4567f614aa202297a546ab8d9d63b3a3c561c4adc75109cc87d6fffc86310bb4434b7f3a', 26, 3, 'ale', '[]', 0, '2023-06-03 13:18:50', '2023-06-03 13:18:50', '2024-06-03 15:18:50'),
('abe3ca14dc2d41a06745f73e370077816aaa5e266696302d53739f1f495828526eb03d5388483149', 18, 3, 'MyApp', '[]', 0, '2023-06-02 16:32:53', '2023-06-02 16:32:53', '2024-06-02 18:32:53'),
('abfb9c6b416b460a92e38c6445a2f7851b26bd1716145d8c8370ef87a5250900d1ac066c9a758164', 18, 3, 'MyApp', '[]', 0, '2023-06-02 14:49:45', '2023-06-02 14:49:45', '2024-06-02 16:49:45'),
('ac0b2189bd9f343ca32753bf5701c513026f802c9d381a25f8f589dc52cdb9787eb33d7b5f602074', 18, 3, 'Mundifood', '[]', 0, '2023-06-04 20:33:59', '2023-06-04 20:33:59', '2024-06-04 22:33:59'),
('ac3126408db3b3feab046edb3b22d3b8710db0fb8085b5b7879178ca720711894059e474d4eb1044', 18, 3, 'ale', '[]', 0, '2023-06-02 13:25:47', '2023-06-02 13:25:47', '2024-06-02 15:25:47'),
('ad99be99de979f3e0da2b5666b8948d8449d7d7c65ba78c5597398ceb00cf3dffe6a3193028f2a20', 1, 3, 'ale', '[]', 0, '2023-06-03 13:20:42', '2023-06-03 13:20:42', '2024-06-03 15:20:42'),
('ae051f01cbb65624771a3c96d2c2a45411af5c98c0be06f9ca732805e920949258a625c228123ea0', 18, 3, 'Mundifood', '[]', 0, '2023-05-31 19:01:29', '2023-05-31 19:01:29', '2024-05-31 21:01:29'),
('ae96b0483c9d13ab510909b3fcab6593db5ac783d261d6013105f3c8a3b7ed5fdfdbeac26c728485', 26, 3, 'Mundifood', '[]', 0, '2023-06-04 15:58:40', '2023-06-04 15:58:40', '2024-06-04 17:58:40'),
('af19312bcc4641eedcd77c72fed7afd4af0b7a97bac3bc7146c9c401bd91c367833874fe5ec54483', 26, 3, 'Mundifood', '[]', 0, '2023-06-04 09:24:08', '2023-06-04 09:24:08', '2024-06-04 11:24:08'),
('afb2650f5cffffad882a616fc1f0c34bbadbb58898b16fe21eb0cb5571a178c4c50cb2023bef2ec2', 26, 3, 'Mundifood', '[]', 0, '2023-06-04 09:39:31', '2023-06-04 09:39:31', '2024-06-04 11:39:31'),
('b183581cc35b6950c29bd75c120e4914761f9426afc31a7d9cdfcf77be8c5bda0ba423e869fe8580', 18, 3, 'MyApp', '[]', 0, '2023-06-02 16:44:58', '2023-06-02 16:44:58', '2024-06-02 18:44:58'),
('b3846799ebd40c170892634c5e7be388b8353f9c33138d404c7db0d95c2d8c28db7d7c21f98f4db5', 18, 3, 'ale', '[]', 0, '2023-06-02 13:06:36', '2023-06-02 13:06:36', '2024-06-02 15:06:36'),
('b3f1c21ec8c4a0ec88e3ebb9679633402110e43b1151a4a7a40711e0432b0d91f021e90985192e63', 18, 3, 'Mundifood', '[]', 0, '2023-06-03 14:00:09', '2023-06-03 14:00:09', '2024-06-03 16:00:09'),
('b489aed43eef72a9d5c51b19b0f9e87fbd12bd5d81be9eed0de593f03f4764c43a476c99274e3942', 18, 3, 'Mundifood', '[]', 0, '2023-06-03 16:31:40', '2023-06-03 16:31:40', '2024-06-03 18:31:40'),
('b5611686f34473fc00b36efc5a3de35849fdef8d959cd4ca4c03c302c7cdfea58cc4bee732f1fe77', 26, 3, 'Mundifood', '[]', 0, '2023-06-04 18:54:32', '2023-06-04 18:54:32', '2024-06-04 20:54:32'),
('b588fc8e4bb0981b0dfc87bf8b363d7a83984bd96bc1a94be6413fb4b709f3bf82f997f8add8980d', 18, 3, 'Mundifood', '[]', 0, '2023-06-01 15:09:43', '2023-06-01 15:09:43', '2024-06-01 17:09:43'),
('b60d451a3d1f1308a55d92ac8f315a8119a27f7b15def543c4dfc8fd2b73a2c272f0f6feb692edba', 18, 3, 'MyApp', '[]', 0, '2023-06-02 16:30:26', '2023-06-02 16:30:26', '2024-06-02 18:30:26'),
('b6109153d616c48893bf3e1a257dee4506a62005435e6ba420826aa4aaf140c50f711d17076ec27b', 1, 3, 'ale', '[]', 0, '2023-06-03 09:52:56', '2023-06-03 09:52:56', '2024-06-03 11:52:56'),
('b76bc1af55be99da0aeadd03c84aee11862b5c268edd00261c21fc0e7815f1059f845c8aeb01dff1', 26, 3, 'Mundifood', '[]', 0, '2023-06-06 08:17:19', '2023-06-06 08:17:19', '2024-06-06 10:17:19'),
('ba0b4c58aea509e58ea3440b2764a42123abda894ee0774bba49f1005d578b50c86203e089e6306f', 26, 3, 'Mundifood', '[]', 0, '2023-06-06 10:06:51', '2023-06-06 10:06:51', '2024-06-06 12:06:51'),
('baac382ab0d07ba9118603cd569c9ca988a4180b23e24cbf5c62a34250e1468e1a19c7dc9dba6fab', 30, 3, 'Mundifood', '[]', 0, '2023-06-06 08:35:27', '2023-06-06 08:35:27', '2024-06-06 10:35:27'),
('bc3a6eb03ded817ef71297817d5ba6131d272f1a377f6c8bad66ccddef9d2083561f52a27be01594', 1, 3, 'Mundifood', '[]', 0, '2023-05-30 04:58:46', '2023-05-30 04:58:46', '2024-05-30 06:58:46'),
('bd979d9133e8f19b35bcd532e48a6befc6b4d2cca2e61750bf1d4b5b886453a71ea9c43ad8cdd7b9', 18, 3, 'ale', '[]', 0, '2023-06-02 13:35:11', '2023-06-02 13:35:11', '2024-06-02 15:35:11'),
('bec04fb9287ec13796371462ab246cf4adf2a0cb41689effb1f2bee8c5b848c7f05f57bce16816a1', 18, 3, 'Mundifood', '[]', 0, '2023-06-03 16:32:34', '2023-06-03 16:32:34', '2024-06-03 18:32:34'),
('bed8065e5692de9d514f8968b327f7279d5ca9ff9ebd6e7f48464298f60b8340d1b92fed6bc9df12', 18, 3, 'Mundifood', '[]', 0, '2023-05-31 18:29:24', '2023-05-31 18:29:24', '2024-05-31 20:29:24'),
('bef3547de33f31014d654e0f307610decb60d3e42cf125adbb98094cd2df7a870a539be1388ce5f0', 18, 3, 'Mundifood', '[]', 0, '2023-06-01 15:25:22', '2023-06-01 15:25:22', '2024-06-01 17:25:22'),
('bfe05da0efff5566b1222bf585b760cb3e86d0763032a3df1a6aa75c6f26eeeb047017df14d75f7b', 18, 3, 'Mundifood', '[]', 0, '2023-05-31 18:29:23', '2023-05-31 18:29:23', '2024-05-31 20:29:23'),
('c22d7092359914c21659b8d684cd84713a5ea1fb974da6cd1d64512c8ac4d56cb449af22a6323c38', 31, 3, 'Mundifood', '[]', 0, '2023-06-06 08:36:31', '2023-06-06 08:36:31', '2024-06-06 10:36:31'),
('c2a3516da05ae7e9dfa990e5812a5fe50f2d4641fb66203c6ef01a74a6530ebb21363cc399c663d8', 29, 3, 'Mundifood', '[]', 0, '2023-06-05 16:43:29', '2023-06-05 16:43:29', '2024-06-05 18:43:29'),
('c34b964f3525c8416fca676cf9595daa6c3ac910f41443c41fdea225badd137b1a9e5635493fd915', 18, 3, 'Mundifood', '[]', 0, '2023-06-01 14:10:10', '2023-06-01 14:10:10', '2024-06-01 16:10:10'),
('c66232e229a35e1483865ee9add8870960ba4d61044767430b5b505502b975ae0dde49998c89d71b', 18, 3, 'Mundifood', '[]', 0, '2023-05-31 18:20:17', '2023-05-31 18:20:17', '2024-05-31 20:20:17'),
('c7f2a44ac5e6e699e3a33082fbe1f45e642d165c706e94558f81ccfa861629a06a0889d1d0127e7b', 18, 3, 'Mundifood', '[]', 0, '2023-06-01 14:05:05', '2023-06-01 14:05:05', '2024-06-01 16:05:05'),
('c958a94ac18fea04e9ae163ce761455af9e9a7412ea1142933e791f32ae9066e2d3df660161e8c91', 18, 3, 'Mundifood', '[]', 0, '2023-05-31 18:28:05', '2023-05-31 18:28:05', '2024-05-31 20:28:05'),
('c9c49d6070c946b5936c1c277a31218781f3d0dd4f5b1eb46a0420d36d29a43b22ce9b5af297c0ca', 18, 3, 'Mundifood', '[]', 0, '2023-06-03 16:32:03', '2023-06-03 16:32:03', '2024-06-03 18:32:03'),
('cd3f8725d32e923d904a8903b43c642a0e578dc40ae126ea43e33fc9b089cba886a1d38f49ed8563', 18, 3, 'ale', '[]', 0, '2023-06-02 13:01:47', '2023-06-02 13:01:47', '2024-06-02 15:01:47'),
('ce18922a6b23978acbc4d26023b449c5eb9a990d09730f5e1062f368ea3b74ba03d964367b550710', 36, 3, 'Mundifood', '[]', 0, '2023-06-08 20:00:44', '2023-06-08 20:00:44', '2024-06-08 22:00:44'),
('d00e560ceddd313a74caa59e848ec981971262a1c0621e279468935843ad0427d573a0a819571406', 18, 3, 'MyApp', '[]', 0, '2023-06-02 16:11:48', '2023-06-02 16:11:48', '2024-06-02 18:11:48'),
('d1a09ea5cf98e9bc6545dc6740c1c247826a96c22d2ffb011be177502f1e8d0e49dce3146a05a160', 18, 3, 'ale', '[]', 0, '2023-06-03 13:20:30', '2023-06-03 13:20:30', '2024-06-03 15:20:30'),
('d1c4004038fab02a0a8336d8a4644e254711e47b50be880e1cd0771ff0b9dc42b1c52f517eb80a81', 26, 3, 'Mundifood', '[]', 0, '2023-06-06 08:04:29', '2023-06-06 08:04:29', '2024-06-06 10:04:29'),
('d325534534cda8e446e084b65d2cd1e7f28d44d393c1266013149c5477ecc30c6f2c7a64f9f08b51', 1, 3, 'ale', '[]', 0, '2023-06-03 09:45:59', '2023-06-03 09:45:59', '2024-06-03 11:45:59'),
('d65e439a39c9d43394b6827c9a4db01c8877727d11e38a45e4e6c4b9719a34d9b8d1d2ac528ff377', 18, 3, 'Mundifood', '[]', 0, '2023-06-03 14:05:49', '2023-06-03 14:05:49', '2024-06-03 16:05:49'),
('d7b3f812e844e9ac3dcb6024bbf46b9ae6925fb4a759e90e25124a831acae37174ea9b5e2d219eb0', 18, 3, 'MyApp', '[]', 0, '2023-06-02 14:43:47', '2023-06-02 14:43:47', '2024-06-02 16:43:47'),
('d81e21b7db7dc46ed788d3d51cdc1e05d0b473ec3a6b658c7fd1f1443fd072b22cea52c438575a75', 1, 3, 'Mundifood', '[]', 0, '2023-06-06 10:23:32', '2023-06-06 10:23:32', '2024-06-06 12:23:32'),
('d86b2221663c6e3497c738fb9e4a086cc5f1815b915c5c459ce8761b01dcd981e3540196cf171595', 26, 3, 'ale', '[]', 0, '2023-06-03 13:20:06', '2023-06-03 13:20:06', '2024-06-03 15:20:06'),
('d8cdbf8ca4b692c9729c29cec51df8fca6dedd24f0972f4041929dfe51c05b298d93d530119328ad', 26, 3, 'Mundifood', '[]', 0, '2023-06-04 16:38:58', '2023-06-04 16:38:58', '2024-06-04 18:38:58'),
('d90f37fbdd3da90dfb0376b879d3af4408572af528abef776b3d71bb895c0e31f9dd82ad2dc26572', 26, 3, 'Mundifood', '[]', 0, '2023-06-04 15:53:11', '2023-06-04 15:53:11', '2024-06-04 17:53:11'),
('da4df4e22ca7552f84e47df8be181fd41a163989c9b7be13c614bca572062bbb22fb3916c754cd17', 18, 3, 'MyApp', '[]', 0, '2023-06-02 15:33:46', '2023-06-02 15:33:46', '2024-06-02 17:33:46'),
('da5d110f3e6234b772cd7a98d9beb306ae5c1d6e657bc47c47e64988d374ed078484f47ae997daf0', 26, 3, 'Mundifood', '[]', 0, '2023-06-04 19:16:54', '2023-06-04 19:16:54', '2024-06-04 21:16:54'),
('dbfa7504b7bfb1b137ac7387b3f054e6e920e8eec3f533734cf56dd0351bde8c07fbd5dc3158d93c', 18, 3, 'MyApp', '[]', 0, '2023-06-02 14:17:40', '2023-06-02 14:17:40', '2024-06-02 16:17:40'),
('e080ec2a63a3058738f6f521024ff2e0caa25ed44aca44b15782a501f86c793a3d7979f8d4450149', 18, 3, 'MyApp', '[]', 0, '2023-06-02 15:18:04', '2023-06-02 15:18:04', '2024-06-02 17:18:04'),
('e2151aad94dfc3be728ca02eea1bb879a6994adec14b40f9820325826b5fd84ef675d1d7dcf47907', 18, 3, 'MyApp', '[]', 0, '2023-06-02 14:47:02', '2023-06-02 14:47:02', '2024-06-02 16:47:02'),
('e3483165ab16fa2b839bf76324b9d326c0cbddac256bc5112b711d8088a5959d83ccc6dbdb091da9', 26, 3, 'Mundifood', '[]', 0, '2023-06-04 19:19:23', '2023-06-04 19:19:23', '2024-06-04 21:19:23'),
('e352ad7a06f2b3c7fb07b8621306512c8ca3e6443fe3679dcf8db74da0a26bf5e5344f39791c5d02', 18, 3, 'Mundifood', '[]', 0, '2023-05-31 18:25:40', '2023-05-31 18:25:40', '2024-05-31 20:25:40'),
('e3ba86c950b18929306c044a78adbf65f8717127a84c7adaa65e78e3039355d7fc7608ceefe3d782', 18, 3, 'Mundifood', '[]', 0, '2023-06-03 16:16:34', '2023-06-03 16:16:34', '2024-06-03 18:16:34'),
('e42807f69e4c0f69d377dfb80379bb463a83338755862b2f0dc0415f4959853831f158e156500afb', 24, 3, 'Mundifood', '[]', 0, '2023-05-30 18:52:49', '2023-05-30 18:52:49', '2024-05-30 20:52:49'),
('e428cde35738d1494553c8af29547766474b55ec7ad738b5a459ece52cc89772943c474dad8d7ee6', 18, 3, 'MyApp', '[]', 0, '2023-06-02 14:45:40', '2023-06-02 14:45:40', '2024-06-02 16:45:40'),
('e45914c8a6c9d4d1a5bc30a064a642a3fd0ee2c4f586342bcd0d3a5978f904d676e824abca9817af', 18, 3, 'Mundifood', '[]', 0, '2023-06-04 09:10:56', '2023-06-04 09:10:56', '2024-06-04 11:10:56'),
('e45d2164f7703cae1f71241dafb6a117f5709c003ab23330b7de519072a1649999447a0cd85493d8', 26, 3, 'Mundifood', '[]', 0, '2023-06-04 09:41:51', '2023-06-04 09:41:51', '2024-06-04 11:41:51'),
('e534307b2ef0526b5c76d75c665139a067a6648095d3ceedca0ea32ea5b711072505f0177a4564ae', 24, 3, 'Mundifood', '[]', 0, '2023-05-30 19:41:12', '2023-05-30 19:41:12', '2024-05-30 21:41:12'),
('e7e9c0d20c31409546727ad9374727fde4b1ad39f9469952c3b729c0b3e52d71c88d227fd322ae73', 18, 3, 'MyApp', '[]', 0, '2023-06-02 15:11:10', '2023-06-02 15:11:10', '2024-06-02 17:11:10'),
('e846720affa57969236db1fe35c09a88a9176f843cc8d3fce1d457858ccf9145f36288a7601c92b6', 1, 3, 'ale', '[]', 0, '2023-06-03 09:48:02', '2023-06-03 09:48:02', '2024-06-03 11:48:02'),
('e901ccb1ff6c02f132141f571cb795fe17b26967bd07c7b34ec2881afbe83e985cc9a02266b52123', 28, 3, 'Mundifood', '[]', 0, '2023-06-05 11:54:57', '2023-06-05 11:54:57', '2024-06-05 13:54:57'),
('e9b0fcef6966d4108c8197c38adc2792044411dcdaadcf30e5fcd041fe97595ed632b2973a8c4e7b', 18, 3, 'Mundifood', '[]', 0, '2023-05-31 17:22:46', '2023-05-31 17:22:46', '2024-05-31 19:22:46'),
('e9ce8096c07199866a6194f516529d4c41f825c09a4a50edcc37bbad28a918c3084ffc9d96702cc0', 18, 3, 'ale', '[]', 0, '2023-06-03 09:56:21', '2023-06-03 09:56:21', '2024-06-03 11:56:21'),
('eb60f7171f628786adf530e6b9f07e15f1f52791770d23048a720b939f0a1bfdb8bd06f9a0fd895e', 26, 3, 'Mundifood', '[]', 0, '2023-06-04 20:44:26', '2023-06-04 20:44:26', '2024-06-04 22:44:26'),
('eb79cd93828e048a4e6a0c0dc4ebbb80b0b11827711d233500f2e95cb4430c2ad943ddaca2b2bbec', 18, 3, 'ale', '[]', 0, '2023-06-03 08:45:26', '2023-06-03 08:45:26', '2024-06-03 10:45:26'),
('ecd7298a48ffa2d57b2ec5cb5d918597cc9e6b22c86553f5e13e4687de14afa2d79e4051bf577350', 18, 3, 'MyApp', '[]', 0, '2023-06-02 15:47:29', '2023-06-02 15:47:29', '2024-06-02 17:47:29'),
('ee167b069d57cb68f9747a6ffbf8c01241b97389d2eadb48b0afcbe4c462b1ca2103a92379763bb4', 18, 3, 'Mundifood', '[]', 0, '2023-06-01 16:04:59', '2023-06-01 16:04:59', '2024-06-01 18:04:59'),
('efdef2da765ca76cb5de06faa489aead51576421d9970ecb9b608eaad107539f62d87d6148c2a026', 1, 3, 'Mundifood', '[]', 0, '2023-06-02 05:23:14', '2023-06-02 05:23:14', '2024-06-02 07:23:14'),
('f00da327dc786626d524a7819f98af5bceff84da78b9e90b2e82948988ec3d94db5dacba05e3d14a', 25, 3, 'MyApp', '[]', 0, '2023-06-03 06:54:00', '2023-06-03 06:54:00', '2024-06-03 08:54:00'),
('f058688c0c08841f4bb5d82f814508c35fb4a5c898ab39ce5d0fd5ed415caf492654b614d9488af1', 18, 3, 'Mundifood', '[]', 0, '2023-06-05 17:11:39', '2023-06-05 17:11:39', '2024-06-05 19:11:39'),
('f0c948e2519607092d21d258ef206b901e6ae718ef45a47f351f6d8535f88c40975314d4469d3fee', 18, 3, 'MyApp', '[]', 0, '2023-06-02 16:19:01', '2023-06-02 16:19:01', '2024-06-02 18:19:01'),
('f227c3763d0ac5b2378493a6684f42efc10ef67c44005cf60af029cf58d4bda9ff14fa8e8a061b81', 18, 3, 'Mundifood', '[]', 0, '2023-06-02 05:21:54', '2023-06-02 05:21:54', '2024-06-02 07:21:54'),
('f27ef5cfc84814ffda1706281d2ef392a1d5e7c266b87856e95e24a484efe592e9654273194961a7', 26, 3, 'Mundifood', '[]', 0, '2023-06-04 19:08:00', '2023-06-04 19:08:00', '2024-06-04 21:08:00'),
('f2f472d67d1ac20bd2ada634a8064a7968d3b2f3e736fa36e59faee0f159aee742d3e58a09834a3a', 18, 3, 'Mundifood', '[]', 0, '2023-06-03 16:20:11', '2023-06-03 16:20:11', '2024-06-03 18:20:11'),
('f34233b180cc3ce5ad5e4d42436fa19e071bc596884cc5d7dd458d3af4cacd6d1c4bc59ee109caea', 26, 3, 'Mundifood', '[]', 0, '2023-06-04 19:35:18', '2023-06-04 19:35:18', '2024-06-04 21:35:18'),
('f43ddd04dc8ffa71382006bb8df1a2dd3a6dbfa80bb1e882b08ffb403fbb8c11fd54f432cce90569', 26, 3, 'Mundifood', '[]', 0, '2023-06-06 08:20:49', '2023-06-06 08:20:49', '2024-06-06 10:20:49'),
('f549724923a1bf1bc7a2c3971aef76804f4a929dd7579aa2189c65fff9d5942398b363471ef0d576', 18, 3, 'Mundifood', '[]', 0, '2023-05-30 19:33:24', '2023-05-30 19:33:24', '2024-05-30 21:33:24'),
('f616c95ae936b0d74725709efab4ca6a0a8008c5526798e912ab932eabc237b250402f6ea0285ac0', 26, 3, 'Mundifood', '[]', 0, '2023-06-04 19:53:21', '2023-06-04 19:53:21', '2024-06-04 21:53:21'),
('f62e438c97bc77e3887da97b51fdfb4314cc3c45bee61d43b045c82a989518af64e99d80764d1a6d', 18, 3, 'Mundifood', '[]', 0, '2023-05-31 18:27:01', '2023-05-31 18:27:01', '2024-05-31 20:27:01'),
('f6bef6c945daa61cfb57a7af7d9ad2a56fd0821d9fe68e2bfce3e6cb811ce70e0217e6fa42cfd4d3', 24, 3, 'Mundifood', '[]', 0, '2023-05-30 18:56:02', '2023-05-30 18:56:02', '2024-05-30 20:56:02'),
('f7ec45ee0144a55bc3a7b192e22c52bb79c0990bdccb05715e46c692058401a7bc1bae82ed8a0841', 18, 3, 'MyApp', '[]', 0, '2023-06-02 15:08:24', '2023-06-02 15:08:24', '2024-06-02 17:08:24'),
('f8d9a87cd70d180370109e3c46d02b74dcea5ff44f2f33b89fdfcf0377c491cd82e2347e415abe7c', 26, 3, 'Mundifood', '[]', 0, '2023-06-03 12:52:40', '2023-06-03 12:52:40', '2024-06-03 14:52:40'),
('f9e2a589419ec6f8a094e3c8e0760a39b7ff713e61ad071e2f3c305b15399a5c68fd935dc6503ef9', 26, 3, 'Mundifood', '[]', 0, '2023-06-04 20:43:26', '2023-06-04 20:43:26', '2024-06-04 22:43:26'),
('fa2bf9f6f3b3d6da783e78f5eca9132cbbd3f23b5039936479f8d6bfc36bad697c3f7142f5ceea58', 18, 3, 'Mundifood', '[]', 0, '2023-05-30 19:23:41', '2023-05-30 19:23:41', '2024-05-30 21:23:41'),
('fa79e0a8474729c92ec205963a53a9ba97c4931fcc0c02b0d821afe1c5ecc8817084ce1da8d94805', 18, 3, 'Mundifood', '[]', 0, '2023-06-05 17:11:58', '2023-06-05 17:11:58', '2024-06-05 19:11:58'),
('fb44b259ee1ad66019dc4a6c85e86f9b229f4ee93faa26c5719032f3a69be747e7f90280d47e540b', 26, 3, 'Mundifood', '[]', 0, '2023-06-04 09:42:42', '2023-06-04 09:42:42', '2024-06-04 11:42:42'),
('fb746a37c1be02a2783b349e513250d20dab5ea50afef7e765e70088479348e7f2a05d7d9f5a244a', 26, 3, 'Mundifood', '[]', 0, '2023-06-04 19:06:27', '2023-06-04 19:06:27', '2024-06-04 21:06:27'),
('fc54d001ac5403a458ec41cd3581d75a6dae3fee14da4868530dce8855c3e61193f3e55f24355795', 18, 3, 'Mundifood', '[]', 0, '2023-06-01 14:06:20', '2023-06-01 14:06:20', '2024-06-01 16:06:20'),
('fcb0c486dc5a0c0593bfcd39433ae9c062fadd4d483e538cf10da5c71a727219d189a10305102952', 26, 3, 'Mundifood', '[]', 0, '2023-06-04 09:25:29', '2023-06-04 09:25:29', '2024-06-04 11:25:29'),
('fcd3b83efe22c82fc15bf83425ecebe3e95443168343b6b912693626742cf439c9e45f4871b51771', 18, 3, 'Mundifood', '[]', 0, '2023-06-01 16:36:28', '2023-06-01 16:36:28', '2024-06-01 18:36:28');
INSERT INTO `oauth_access_tokens` (`id`, `user_id`, `client_id`, `name`, `scopes`, `revoked`, `created_at`, `updated_at`, `expires_at`) VALUES
('fd6bb13ced5747bdad6b0af3acd6db8975838e6fbd8d15859ece9546ec78e41a35963c0494f90f8c', 1, 3, 'Mundifood', '[]', 0, '2023-06-03 16:33:28', '2023-06-03 16:33:28', '2024-06-03 18:33:28'),
('fd7e107b52f1e421d6c083de8ae592211da4e73a3d214e2c875e61526b90791827810598ff422fe1', 26, 3, 'Mundifood', '[]', 0, '2023-06-04 19:25:45', '2023-06-04 19:25:45', '2024-06-04 21:25:45'),
('fe710d088ffa59d91f968b79c827c2531ee3f2dadda6b71839d2b8587cd5591c0a2285cc33f1b922', 28, 3, 'Mundifood', '[]', 0, '2023-06-05 17:25:18', '2023-06-05 17:25:18', '2024-06-05 19:25:18'),
('fe8994864a65601a45424ecca370d44decebe1fd2d7830d4659e1899f0569681fa4526ea79b2d21b', 18, 3, 'ale', '[]', 0, '2023-06-02 13:10:59', '2023-06-02 13:10:59', '2024-06-02 15:10:59'),
('ffd92a47a6ebe65da3e6708fb2ad5763f42f25965a14f6d2beee31cbd6571b791522303ca9fccfa7', 18, 3, 'MyApp', '[]', 0, '2023-06-02 16:27:45', '2023-06-02 16:27:45', '2024-06-02 18:27:45');

-- --------------------------------------------------------

--
-- Estructura de tabla para la tabla `oauth_auth_codes`
--

CREATE TABLE `oauth_auth_codes` (
  `id` varchar(100) COLLATE utf8mb4_unicode_ci NOT NULL,
  `user_id` int(11) NOT NULL,
  `client_id` int(11) NOT NULL,
  `scopes` text COLLATE utf8mb4_unicode_ci DEFAULT NULL,
  `revoked` tinyint(1) NOT NULL,
  `expires_at` datetime DEFAULT NULL
) ENGINE=InnoDB DEFAULT CHARSET=utf8mb4 COLLATE=utf8mb4_unicode_ci;

-- --------------------------------------------------------

--
-- Estructura de tabla para la tabla `oauth_clients`
--

CREATE TABLE `oauth_clients` (
  `id` int(10) UNSIGNED NOT NULL,
  `user_id` int(11) DEFAULT NULL,
  `name` varchar(255) COLLATE utf8mb4_unicode_ci NOT NULL,
  `secret` varchar(100) COLLATE utf8mb4_unicode_ci NOT NULL,
  `redirect` text COLLATE utf8mb4_unicode_ci NOT NULL,
  `personal_access_client` tinyint(1) NOT NULL,
  `password_client` tinyint(1) NOT NULL,
  `revoked` tinyint(1) NOT NULL,
  `created_at` timestamp NULL DEFAULT NULL,
  `updated_at` timestamp NULL DEFAULT NULL
) ENGINE=InnoDB DEFAULT CHARSET=utf8mb4 COLLATE=utf8mb4_unicode_ci;

--
-- Volcado de datos para la tabla `oauth_clients`
--

INSERT INTO `oauth_clients` (`id`, `user_id`, `name`, `secret`, `redirect`, `personal_access_client`, `password_client`, `revoked`, `created_at`, `updated_at`) VALUES
(1, NULL, 'Mundifood Personal Access Client', 'HlVnFL5iapl40TClcbBPA357nhDjYI4iRgWhdaUY', 'http://localhost', 1, 0, 0, '2023-05-30 04:26:26', '2023-05-30 04:26:26'),
(2, NULL, 'Mundifood Password Grant Client', 'uj6go3r06HDPViAu3P4UOajHVb4JMBoUvwFO4VRH', 'http://localhost', 0, 1, 0, '2023-05-30 04:26:26', '2023-05-30 04:26:26'),
(3, NULL, 'ale', 'cyWhdmQdXjvzc9OqXfhTx5blRe8zENGe4IkTfl5d', 'http://localhost', 1, 0, 0, '2023-05-30 04:27:18', '2023-05-30 04:27:18');

-- --------------------------------------------------------

--
-- Estructura de tabla para la tabla `oauth_personal_access_clients`
--

CREATE TABLE `oauth_personal_access_clients` (
  `id` int(10) UNSIGNED NOT NULL,
  `client_id` int(11) NOT NULL,
  `created_at` timestamp NULL DEFAULT NULL,
  `updated_at` timestamp NULL DEFAULT NULL
) ENGINE=InnoDB DEFAULT CHARSET=utf8mb4 COLLATE=utf8mb4_unicode_ci;

--
-- Volcado de datos para la tabla `oauth_personal_access_clients`
--

INSERT INTO `oauth_personal_access_clients` (`id`, `client_id`, `created_at`, `updated_at`) VALUES
(1, 1, '2023-05-30 04:26:26', '2023-05-30 04:26:26'),
(2, 3, '2023-05-30 04:27:18', '2023-05-30 04:27:18');

-- --------------------------------------------------------

--
-- Estructura de tabla para la tabla `oauth_refresh_tokens`
--

CREATE TABLE `oauth_refresh_tokens` (
  `id` varchar(100) COLLATE utf8mb4_unicode_ci NOT NULL,
  `access_token_id` varchar(100) COLLATE utf8mb4_unicode_ci NOT NULL,
  `revoked` tinyint(1) NOT NULL,
  `expires_at` datetime DEFAULT NULL
) ENGINE=InnoDB DEFAULT CHARSET=utf8mb4 COLLATE=utf8mb4_unicode_ci;

-- --------------------------------------------------------

--
-- Estructura de tabla para la tabla `password_resets`
--

CREATE TABLE `password_resets` (
  `email` varchar(255) COLLATE utf8mb4_unicode_ci NOT NULL,
  `token` varchar(255) COLLATE utf8mb4_unicode_ci NOT NULL,
  `created_at` timestamp NULL DEFAULT NULL
) ENGINE=InnoDB DEFAULT CHARSET=utf8mb4 COLLATE=utf8mb4_unicode_ci;

-- --------------------------------------------------------

--
-- Estructura de tabla para la tabla `reserves`
--

CREATE TABLE `reserves` (
  `id` bigint(20) UNSIGNED NOT NULL,
  `user_id` bigint(20) UNSIGNED NOT NULL,
  `table_id` bigint(20) UNSIGNED NOT NULL,
  `diner_number` tinyint(4) NOT NULL,
  `date` date NOT NULL,
  `hour` time NOT NULL,
  `observations` text COLLATE utf8mb4_unicode_ci NOT NULL,
  `created_at` timestamp NULL DEFAULT NULL,
  `updated_at` timestamp NULL DEFAULT NULL
) ENGINE=InnoDB DEFAULT CHARSET=utf8mb4 COLLATE=utf8mb4_unicode_ci;

--
-- Volcado de datos para la tabla `reserves`
--

INSERT INTO `reserves` (`id`, `user_id`, `table_id`, `diner_number`, `date`, `hour`, `observations`, `created_at`, `updated_at`) VALUES
(3, 2, 3, 5, '2023-06-10', '13:00:00', 'a', '2023-05-21 13:50:38', '2023-05-21 13:50:38'),
(10, 15, 9, 2, '2023-05-24', '20:00:00', '2 adultos', '2023-05-22 10:46:04', '2023-05-24 16:51:17'),
(14, 15, 14, 1, '2023-05-25', '13:00:00', '3', '2023-05-22 10:48:23', '2023-05-22 10:48:23'),
(16, 2, 16, 2, '2023-05-24', '22:00:00', 'yeee', '2023-05-23 19:41:54', '2023-05-24 15:13:34'),
(18, 15, 19, 4, '2023-06-08', '22:00:00', '5 adultos', '2023-06-08 18:29:52', '2023-06-08 18:39:59');

-- --------------------------------------------------------

--
-- Estructura de tabla para la tabla `tables`
--

CREATE TABLE `tables` (
  `id` bigint(20) UNSIGNED NOT NULL,
  `table_number` int(10) UNSIGNED NOT NULL,
  `diner_number` tinyint(3) UNSIGNED NOT NULL,
  `place` varchar(15) COLLATE utf8mb4_unicode_ci NOT NULL,
  `created_at` timestamp NULL DEFAULT NULL,
  `updated_at` timestamp NULL DEFAULT NULL
) ENGINE=InnoDB DEFAULT CHARSET=utf8mb4 COLLATE=utf8mb4_unicode_ci;

--
-- Volcado de datos para la tabla `tables`
--

INSERT INTO `tables` (`id`, `table_number`, `diner_number`, `place`, `created_at`, `updated_at`) VALUES
(1, 1, 2, 'Comedor', '2023-05-19 14:44:15', '2023-06-08 15:58:05'),
(3, 3, 4, 'Comedor', '2023-05-19 14:46:35', '2023-05-19 14:46:35'),
(4, 4, 4, 'Comedor', '2023-05-19 14:47:05', '2023-05-19 14:47:05'),
(5, 5, 4, 'Comedor', '2023-05-19 14:47:28', '2023-05-19 14:47:28'),
(6, 6, 6, 'Comedor', '2023-05-19 14:49:22', '2023-05-19 14:49:22'),
(7, 7, 6, 'Comedor', '2023-05-19 14:53:52', '2023-05-19 14:53:52'),
(8, 8, 2, 'Salón', '2023-05-19 14:54:52', '2023-05-19 14:54:52'),
(9, 9, 2, 'Salón', '2023-05-19 14:55:04', '2023-05-19 14:55:04'),
(11, 11, 4, 'Salón', '2023-05-19 15:19:13', '2023-05-19 15:24:14'),
(12, 12, 4, 'Salón', '2023-05-19 15:26:18', '2023-05-19 15:26:18'),
(13, 13, 5, 'Salón', '2023-05-20 09:13:59', '2023-05-20 09:13:59'),
(14, 14, 5, 'Salón', '2023-05-20 09:14:05', '2023-05-20 09:14:05'),
(15, 15, 6, 'Salón', '2023-05-20 09:14:25', '2023-05-20 09:14:25'),
(16, 16, 2, 'Terraza', '2023-05-20 09:14:45', '2023-05-20 09:14:45'),
(17, 17, 2, 'Terraza', '2023-05-20 09:14:50', '2023-05-20 09:14:50'),
(18, 18, 3, 'Terraza', '2023-05-20 09:14:57', '2023-05-20 09:14:57'),
(19, 19, 4, 'Terraza', '2023-05-20 09:15:02', '2023-05-20 09:15:02'),
(20, 20, 8, 'Terraza', '2023-05-20 09:15:08', '2023-05-20 09:15:08'),
(21, 21, 10, 'Terraza', '2023-05-20 09:18:44', '2023-05-20 09:33:11'),
(25, 2, 2, 'Comedor', '2023-05-23 16:29:43', '2023-05-23 16:29:43'),
(26, 10, 6, 'Terraza', '2023-05-23 16:29:52', '2023-05-23 16:29:52'),
(27, 23, 4, 'Terraza', '2023-05-23 16:31:05', '2023-05-23 16:31:05'),
(28, 24, 6, 'Terraza', '2023-06-08 15:33:21', '2023-06-08 15:33:21');

-- --------------------------------------------------------

--
-- Estructura de tabla para la tabla `users`
--

CREATE TABLE `users` (
  `id` bigint(20) UNSIGNED NOT NULL,
  `name` varchar(25) COLLATE utf8mb4_unicode_ci NOT NULL,
  `surname1` varchar(30) COLLATE utf8mb4_unicode_ci NOT NULL,
  `surname2` varchar(30) COLLATE utf8mb4_unicode_ci NOT NULL,
  `telephone` varchar(9) COLLATE utf8mb4_unicode_ci NOT NULL,
  `address` varchar(150) COLLATE utf8mb4_unicode_ci NOT NULL,
  `email` varchar(50) COLLATE utf8mb4_unicode_ci NOT NULL,
  `email_verified_at` timestamp NULL DEFAULT NULL,
  `username` varchar(30) COLLATE utf8mb4_unicode_ci NOT NULL,
  `password` varchar(255) COLLATE utf8mb4_unicode_ci NOT NULL,
  `type` varchar(20) COLLATE utf8mb4_unicode_ci NOT NULL,
  `activated` tinyint(4) NOT NULL,
  `remember_token` varchar(100) COLLATE utf8mb4_unicode_ci DEFAULT NULL,
  `created_at` timestamp NULL DEFAULT NULL,
  `updated_at` timestamp NULL DEFAULT NULL
) ENGINE=InnoDB DEFAULT CHARSET=utf8mb4 COLLATE=utf8mb4_unicode_ci;

--
-- Volcado de datos para la tabla `users`
--

INSERT INTO `users` (`id`, `name`, `surname1`, `surname2`, `telephone`, `address`, `email`, `email_verified_at`, `username`, `password`, `type`, `activated`, `remember_token`, `created_at`, `updated_at`) VALUES
(1, 'Mrs. Kari Goldner IV', 'Nader', 'Rempel', '558605030', '29725 Erdman Drives Suite 963\nWest Mertieview, AK 44492', 'admin@admin.com', '2023-05-07 04:38:37', 'iritchie', '$2y$10$IzgCjKCz2zqOlOyONNu2CORhIdLLLUpzLAkElLvuP8jtspnk82P5C', 'admin', 1, 'tI5DzvIEvNH6Qr2F481ijJvX6a1f9xFAJtizqWkhWebKrtfXuZpRUNTQq3Rs', '2023-05-07 04:38:37', '2023-05-07 04:38:37'),
(2, 'Rachael Cassin', 'Robel', 'Mitchell', '081802986', '665 Shane Locks\nEast Matilda, DE 37614-7162', 'miller.rhett@example.com', '2023-05-07 04:38:38', 'ledner.dallas', '$2y$10$06m685ipBtIlcek9Aa.N6Ok5zu8eGfbaY1I2xJ81Z6sfOUJMFpk/.', 'users', 0, 'ZVA8WSqfc6sUFNDElaJu', '2023-05-07 04:38:38', '2023-05-07 04:38:38'),
(3, 'Brock Graham', 'Boyer', 'Bosco', '238243359', '9080 Troy Overpass\nO\'Haramouth, NE 12292-5205', 'ffay@example.net', '2023-05-07 04:38:38', 'lexie05', '$2y$10$GSA.vhdFKDIhdqLMRqSuKeioO3je3bYg/zO7ZCX5PxWU/eW6WQjdS', 'users', 0, 'fd8tJrrIyK5ZPDXo04wM', '2023-05-07 04:38:38', '2023-05-07 04:38:38'),
(4, 'Miss Simone Luettgen Jr.', 'Howell', 'Kautzer', '752688967', '1758 Norma TrailAnastasiafort, IA 00529', 'heidi@example.com', '2023-05-07 04:38:38', 'erick08', '$2y$10$hcQ2RE.JygaLa42hrxOoDezJA/xuFIUDgWiK5YsDmeI8ue5Sfrm1.', 'users', 0, 'yHEEYnD9gSjcQIv5fcRV', '2023-05-07 04:38:39', '2023-05-09 11:20:36'),
(5, 'Dr. Jackie Grimes DDS', 'Cormier', 'Cormier', '353883234', '819 Etha Locks Apt', 'berge@example.com', '2023-05-07 04:38:38', 'taryn.johnson', '$2y$10$dCeiCElBuAtz9dDK.bR6YuKmW2roSeuXItq7cdGhTPCQ1m/f5jOCK', 'users', 0, 'XWezYyW5p6xAuVgqSI9g', '2023-05-07 04:38:39', '2023-05-09 11:20:16'),
(9, 'Verda Erdman', 'Lang', 'Wisoky', '321497017', '3841 Elena Walks Suite 595\nWest Dena, OK 70863-1185', 'willms.ava@example.net', '2023-05-07 04:38:38', 'litzy28', '$2y$10$Vl1p.R/bb3mLIYQ5rST5b.cDbxiTa81GLBMsPHaQNXd0Br4qjJlgK', 'users', 0, 'R4UPf9ljB2Lr6WIOFAGW', '2023-05-07 04:38:39', '2023-05-07 04:38:39'),
(13, 'a', 'a', 'a', '111111111', 'a', 'a@a.com', '2023-05-09 09:34:49', 'a', '$2y$10$reDkiRMtNlVhKp2C15h2te54TfZLFCGQ/P3P9iRtUNe9xBJNB.IQO', 'users', 0, 'iwQ6I0gX9mjOcE5cGoQ2FNsSRMhvt47O1ceCw5qF95w46IGWyl7wey1O99gG', '2023-05-09 09:34:49', '2023-05-11 12:07:07'),
(14, 'b', 'b', 'b', '111111110', 'b', 'b@a.com', NULL, 'b', '$2y$10$9px7UpRVvcvQcD8akJmqieapC5XrNK78NNoHlO5Ugx/jmRwheO/KG', 'users', 0, 'r4U2auPtqaUCIZ1T617gE98pMvMzkcsXwF6uBDsVISxYpgORyV3yPBaXYA94nt', '2023-05-11 12:07:52', '2023-05-12 02:40:05'),
(15, 'Ale', 'C', 'S', '956123123', 'C:/a', 'almacalso12@hotmail.es', NULL, 'alemcs', '$2y$10$6w/nKMD1f4EZsn2i0G81ee1dQGO6dqJSSaXCIHQllZr.TngSLlvwi', 'users', 1, 'rGvjVspl6yW0n2CGXUvMXYpF1V7AjZcZrLJg6zvHUfFqZH73UDPRJLwEcJobEW', '2023-05-12 09:43:52', '2023-05-19 10:17:57'),
(16, 'Ale', 'a', 'a', '956998877', 'aaAaA 3', 'acsinformatica0@gmail.com', NULL, 'acs', '$2y$10$q33FUBjQWZ7uK/Rk6LquXOsRUuF.0Z.sV27X.Fx08gENOEoy.lYdO', 'users', 1, 'tKG5J1ax2AP5viO7OBEImQntrqrVVoY1oMYd4abzxxsFLrlR5oElVFsRjpiZfc', '2023-05-12 11:06:14', '2023-05-19 03:55:17'),
(18, 'Camarero', 'Camarero', 'Camarero', '777112233', 'Camarero', 'camarero@gmail.com', NULL, 'camarero', '$2y$10$z1RX8t5wNWah/oe1gNIOI.SAGulN8fZUfceNbFfDyR/OAm7W4y1DC', 'waiters', 1, 'KGMkhsEzXVGvMLxPNclD2aN826ebUCHgu1aOiSITw76QNrr5QF1V7cG6Xk7M', '2023-05-19 03:56:00', '2023-05-20 05:22:27'),
(19, 'User', 'User', 'User', '111332211', 'C:/User', 'user@gmail.com', '2023-05-19 03:57:30', 'usuario1', '$2y$10$UOpbpL/YuKK8I/bTN/D1xOwx0eK9Pk9VuSO8XgZ4Uf9XSlLhVGpoW', 'users', 0, '8oel8RK6WGLJ9I4nAAKvbabiBn6GGcxaSA0ZZLkWcNVn1dH5mmd9tguuAOoR', '2023-05-19 03:57:30', '2023-05-19 10:14:46'),
(21, 'asdasd', 'asdasd', 'adasdads', '123123121', 'asdasdasdad', 'asd@a.es', NULL, 'asdasd', '$2y$10$/dFG6zaiBcx6bxVf.ohsSuywQFzTxLKUd0BlPhtWxrlzvknQG8uqi', 'waiters', 0, 'o6NXdiCUK5emi9AcQ6QJo4AhlZVUFf11xHuXeoa4IOnch1HDZ09kB8o9CaucF3', '2023-05-19 13:47:10', '2023-05-19 13:47:10'),
(25, 'usuario', 'u', 'u', '555111221', 'aadsas', 'user1@gmail.com', '2023-06-03 06:51:17', 'user', '$2y$10$qUW5ql/2.bnJIz7frUkURep1/exzCwiRczL9LvRd.jDV.C8lg7a5C', 'users', 1, 'rHuh8TroeRVuVITwwOwZ', '2023-06-03 06:51:17', '2023-06-03 06:54:43'),
(26, 'a', 'a', 'a', '111336661', 'ra', 'a@a.aa', NULL, 'aaa', '$2y$10$QvOKt4aCcB1iwJXpgGRKMuBrVshn2UVBmyNaVlzwMzPKY3lU/lv8a', 'users', 1, NULL, '2023-06-03 12:52:07', '2023-06-03 12:52:07'),
(27, 'a', 'a', 'a', '111336667', 'ra', 'a@i.aa', NULL, 'aaae', '$2y$10$8fySq6BUPMmwF/1C.CFtRujWG0vXo.rn/rGc0XVkolyWo07YuzLBK', 'users', 0, NULL, '2023-06-05 08:39:30', '2023-06-05 08:39:30'),
(28, 'xD', 'xD', 'xD', '123321320', 'XD', 'xD@xd.xd', NULL, 'xD', '$2y$10$bWSISRFedgGwO03EhbFg9OmZK20IYtCC5cLbcrOb3CSv3c9RKCYm6', 'users', 0, NULL, '2023-06-05 11:54:51', '2023-06-05 17:26:14'),
(29, 'Antonio', 'Camacho', 'Vázquez', '956314590', 'C:/Jajaja Nº7, 3A', 'ancava5@gmail.com', NULL, 'Ancava3', '$2y$10$mYwU4j45pg2B9Hebno/FseQ2LCXXspcy.84EfoWCYL0unJj9vXo2a', 'users', 1, NULL, '2023-06-05 16:42:31', '2023-06-05 16:55:23'),
(30, 'a', 'a', 'a', '111360667', 'ra', 'a@x.aa', NULL, 'aaax', '$2y$10$aLixjOrPtRH989ZCXOZcbOtfQqURAYxR/crn3fve3947BFrMUVGxe', 'users', 0, NULL, '2023-06-06 08:35:03', '2023-06-06 08:35:03'),
(31, 'María', 'Agustina', 'Ramos', '444111222', 'Pérez Galdos 3', 'a@x.xx', NULL, 'laMari', '$2y$10$3iuVgNAF.lNTHVsUC9Bk1uJvnz1EPT.NR0Oo8M5GmuALR9wLfJjN2', 'users', 1, NULL, '2023-06-06 08:36:19', '2023-06-08 08:22:09'),
(32, 'Pepe', 'Martin', 'Lima', '333222331', 'C:/Cofrade 20 4ºA', 'x@x.xx', '2023-06-06 08:40:19', 'Pepema33', '$2y$10$/IJWcgJvLx01KNucf.kcV.4J3DObT99Y9DslXNOFoEHX.O/.9WSJK', 'users', 1, '7dkcpbfzFnCN0mPTG0WvKwfNvH8mPzL9igNcWQGO4l9jzM0bJYo05kYLrhnY', '2023-06-06 08:40:19', '2023-06-08 08:21:28'),
(33, 'Soy una prueba', 'Durante el registro', 'De este manual', '123323222', 'C:/Usuario 4', 'prueba@gmail.com', '2023-06-08 10:00:11', 'unaprueba', '$2y$10$RsXLNzdM8Ml5I1Jrwcad1uJrDlibzbOWJ9WNi1cMb7OpP5lDDeXxO', 'users', 0, 'blbemxG6sZuUHIs65QsT3YqynaZ8biodjGdy34sAOX0ZVQK3NgPjutvgUt2p', '2023-06-08 10:00:11', '2023-06-08 10:00:11'),
(34, 'Juan', 'Pacome', 'Muyweno', '956113300', 'Calle Perico 3', 'uncamarero@hotmail.com', NULL, 'ElCamareroIsla', '$2y$10$5D3lAYkugLPlnA27/x2dZeCFDWtgSSLrzM89PVunCcF855naNvR12', 'waiters', 1, 'M2TBrgnCwOSvTnWddEJrUerbSt4yATYXdAq29mZZy6aftlNbam7La1KlSL0TcZ', '2023-06-08 10:33:10', '2023-06-08 10:33:32'),
(35, 'Paquito', 'Pacena', 'Maquina', '888888888', 'Calle Perez', 'manuel10@yahoo.com', NULL, 'PapaMa7', '$2y$10$1N.kwqnSMVJmMTNsYBOZiOEi6rU432.2oKpV9MJG2L6zeu85Nbcq6', 'waiters', 0, 'SZlnUN2Xs8Z7MA47VcqgLJkeWqFtF5O8OsZi2mVcgewIexrSr1PZoMwf7HyG', '2023-06-08 10:35:06', '2023-06-08 12:40:54'),
(36, 'Benito', 'Felipez', 'Ramas', '956009988', 'C:/Bonifaz 14 2B', 'BeFeRa@yahoo.com', NULL, 'DonBenito1', '$2y$10$wfo4rfGmXsCKYmftPAb0mOSwxVs0DWyFaBj8Qs8zZgWZm44HZJ/2G', 'users', 1, NULL, '2023-06-08 20:00:42', '2023-06-08 20:13:10');

--
-- Índices para tablas volcadas
--

--
-- Indices de la tabla `dishes`
--
ALTER TABLE `dishes`
  ADD PRIMARY KEY (`id`);

--
-- Indices de la tabla `migrations`
--
ALTER TABLE `migrations`
  ADD PRIMARY KEY (`id`);

--
-- Indices de la tabla `oauth_access_tokens`
--
ALTER TABLE `oauth_access_tokens`
  ADD PRIMARY KEY (`id`),
  ADD KEY `oauth_access_tokens_user_id_index` (`user_id`);

--
-- Indices de la tabla `oauth_auth_codes`
--
ALTER TABLE `oauth_auth_codes`
  ADD PRIMARY KEY (`id`);

--
-- Indices de la tabla `oauth_clients`
--
ALTER TABLE `oauth_clients`
  ADD PRIMARY KEY (`id`),
  ADD KEY `oauth_clients_user_id_index` (`user_id`);

--
-- Indices de la tabla `oauth_personal_access_clients`
--
ALTER TABLE `oauth_personal_access_clients`
  ADD PRIMARY KEY (`id`),
  ADD KEY `oauth_personal_access_clients_client_id_index` (`client_id`);

--
-- Indices de la tabla `oauth_refresh_tokens`
--
ALTER TABLE `oauth_refresh_tokens`
  ADD PRIMARY KEY (`id`),
  ADD KEY `oauth_refresh_tokens_access_token_id_index` (`access_token_id`);

--
-- Indices de la tabla `password_resets`
--
ALTER TABLE `password_resets`
  ADD KEY `password_resets_email_index` (`email`);

--
-- Indices de la tabla `reserves`
--
ALTER TABLE `reserves`
  ADD PRIMARY KEY (`id`),
  ADD KEY `reserves_table_id_foreign` (`table_id`),
  ADD KEY `reserves_user_id_foreign` (`user_id`);

--
-- Indices de la tabla `tables`
--
ALTER TABLE `tables`
  ADD PRIMARY KEY (`id`),
  ADD UNIQUE KEY `tables_table_number_unique` (`table_number`);

--
-- Indices de la tabla `users`
--
ALTER TABLE `users`
  ADD PRIMARY KEY (`id`),
  ADD UNIQUE KEY `users_telephone_unique` (`telephone`),
  ADD UNIQUE KEY `users_email_unique` (`email`),
  ADD UNIQUE KEY `users_username_unique` (`username`);

--
-- AUTO_INCREMENT de las tablas volcadas
--

--
-- AUTO_INCREMENT de la tabla `dishes`
--
ALTER TABLE `dishes`
  MODIFY `id` bigint(20) UNSIGNED NOT NULL AUTO_INCREMENT, AUTO_INCREMENT=18;

--
-- AUTO_INCREMENT de la tabla `migrations`
--
ALTER TABLE `migrations`
  MODIFY `id` int(10) UNSIGNED NOT NULL AUTO_INCREMENT, AUTO_INCREMENT=11;

--
-- AUTO_INCREMENT de la tabla `oauth_clients`
--
ALTER TABLE `oauth_clients`
  MODIFY `id` int(10) UNSIGNED NOT NULL AUTO_INCREMENT, AUTO_INCREMENT=4;

--
-- AUTO_INCREMENT de la tabla `oauth_personal_access_clients`
--
ALTER TABLE `oauth_personal_access_clients`
  MODIFY `id` int(10) UNSIGNED NOT NULL AUTO_INCREMENT, AUTO_INCREMENT=3;

--
-- AUTO_INCREMENT de la tabla `reserves`
--
ALTER TABLE `reserves`
  MODIFY `id` bigint(20) UNSIGNED NOT NULL AUTO_INCREMENT, AUTO_INCREMENT=19;

--
-- AUTO_INCREMENT de la tabla `tables`
--
ALTER TABLE `tables`
  MODIFY `id` bigint(20) UNSIGNED NOT NULL AUTO_INCREMENT, AUTO_INCREMENT=29;

--
-- AUTO_INCREMENT de la tabla `users`
--
ALTER TABLE `users`
  MODIFY `id` bigint(20) UNSIGNED NOT NULL AUTO_INCREMENT, AUTO_INCREMENT=37;

--
-- Restricciones para tablas volcadas
--

--
-- Filtros para la tabla `reserves`
--
ALTER TABLE `reserves`
  ADD CONSTRAINT `reserves_table_id_foreign` FOREIGN KEY (`table_id`) REFERENCES `tables` (`id`),
  ADD CONSTRAINT `reserves_user_id_foreign` FOREIGN KEY (`user_id`) REFERENCES `users` (`id`);
COMMIT;

/*!40101 SET CHARACTER_SET_CLIENT=@OLD_CHARACTER_SET_CLIENT */;
/*!40101 SET CHARACTER_SET_RESULTS=@OLD_CHARACTER_SET_RESULTS */;
/*!40101 SET COLLATION_CONNECTION=@OLD_COLLATION_CONNECTION */;
